wp,fresh_mass_g,extra_mass_g,dry_mass_g,var,obs,leaf_area_cm2,rep,time
6.2,1.9706,1.003,0.294,pear,3,31.397,1,April
9.8,1.9617,1.003,0.294,pear,4,31.397,1,April
12.6,1.9532,1.003,0.294,pear,5,31.397,1,April
14.9,1.9468,1.003,0.294,pear,6,31.397,1,April
17.1,1.9389,1.003,0.294,pear,7,31.397,1,April
19.9,1.9272,1.003,0.294,pear,8,31.397,1,April
25.6,1.9042,1.003,0.294,pear,9,31.397,1,April
28.8,1.888,1.003,0.294,pear,10,31.397,1,April
34,1.8627,1.003,0.294,pear,11,31.397,1,April
13.6,1.7673,0.9998,0.2443,pear,4,33.37,2,April
14.4,1.765,0.9998,0.2443,pear,5,33.37,2,April
16.4,1.7594,0.9998,0.2443,pear,6,33.37,2,April
20.5,1.7506,0.9998,0.2443,pear,7,33.37,2,April
24.2,1.7336,0.9998,0.2443,pear,8,33.37,2,April
26.5,1.7224,0.9998,0.2443,pear,9,33.37,2,April
30.4,1.7038,0.9998,0.2443,pear,10,33.37,2,April
32,1.6845,0.9998,0.2443,pear,11,33.37,2,April
8.5,2.2149,1.0094,0.4351,pear,2,40.663,3,April
9,2.212,1.0094,0.4351,pear,3,40.663,3,April
11.5,2.2002,1.0094,0.4351,pear,4,40.663,3,April
14.9,2.1915,1.0094,0.4351,pear,5,40.663,3,April
16.1,2.1815,1.0094,0.4351,pear,6,40.663,3,April
20.5,2.1731,1.0094,0.4351,pear,7,40.663,3,April
23.3,2.1544,1.0094,0.4351,pear,8,40.663,3,April
26.2,2.142,1.0094,0.4351,pear,9,40.663,3,April
29.8,2.1188,1.0094,0.4351,pear,10,40.663,3,April
34.6,2.0887,1.0094,0.4351,pear,11,40.663,3,April
7.8,1.8482,0.9764,0.2918,pear,6,29.531,6,April
11.3,1.8363,0.9764,0.2918,pear,7,29.531,6,April
17.4,1.8203,0.9764,0.2918,pear,8,29.531,6,April
22.9,1.8036,0.9764,0.2918,pear,9,29.531,6,April
29.3,1.773,0.9764,0.2918,pear,10,29.531,6,April
31.1,1.7672,0.9764,0.2918,pear,11,29.531,6,April
34,1.7402,0.9764,0.2918,pear,12,29.531,6,April
4,2.1833,1.0067,0.4258,rim,2,24.594,1,April
11.1,2.1501,1.0067,0.4258,rim,3,24.594,1,April
13.7,2.1382,1.0067,0.4258,rim,4,24.594,1,April
16.6,2.1191,1.0067,0.4258,rim,5,24.594,1,April
19.3,2.1018,1.0067,0.4258,rim,6,24.594,1,April
20.4,2.0931,1.0067,0.4258,rim,7,24.594,1,April
22.2,2.0656,1.0067,0.4258,rim,8,24.594,1,April
23.4,2.0186,1.0067,0.4258,rim,9,24.594,1,April
4,1.8861,1.0027,0.303,rim,2,20.486,2,April
9.9,1.8558,1.0027,0.303,rim,3,20.486,2,April
14.4,1.8385,1.0027,0.303,rim,4,20.486,2,April
17.9,1.8223,1.0027,0.303,rim,5,20.486,2,April
20.1,1.8041,1.0027,0.303,rim,6,20.486,2,April
22.8,1.7488,1.0027,0.303,rim,7,20.486,2,April
4.4,1.9657,0.9971,0.3291,rim,2,18.162,3,April
10.6,1.9291,0.9971,0.3291,rim,3,18.162,3,April
15.8,1.9026,0.9971,0.3291,rim,4,18.162,3,April
18.5,1.8828,0.9971,0.3291,rim,5,18.162,3,April
20.9,1.8117,0.9971,0.3291,rim,6,18.162,3,April
23.5,1.7338,0.9971,0.3291,rim,7,18.162,3,April
25.4,1.6991,0.9971,0.3291,rim,8,18.162,3,April
4.4,1.46,0.9967,0.1902,rim,1,15.221,4,April
9.8,1.4446,0.9967,0.1902,rim,2,15.221,4,April
13.3,1.4364,0.9967,0.1902,rim,3,15.221,4,April
16.6,1.4301,0.9967,0.1902,rim,4,15.221,4,April
19.3,1.4243,0.9967,0.1902,rim,5,15.221,4,April
22.9,1.4144,0.9967,0.1902,rim,6,15.221,4,April
24.7,1.3989,0.9967,0.1902,rim,7,15.221,4,April
26.1,1.389,0.9967,0.1902,rim,8,15.221,4,April
10.6,2.6579,0.9885,0.7324,rim,2,31.058,5,April
19.9,2.6142,0.9885,0.7324,rim,3,31.058,5,April
22.8,2.5813,0.9885,0.7324,rim,4,31.058,5,April
24.2,2.5555,0.9885,0.7324,rim,5,31.058,5,April
25.2,2.538,0.9885,0.7324,rim,6,31.058,5,April
27.9,2.4918,0.9885,0.7324,rim,7,31.058,5,April
29.9,2.4454,0.9885,0.7324,rim,8,31.058,5,April
31.3,2.4185,0.9885,0.7324,rim,9,31.058,5,April
1.9,1.5406,0.977,0.1969,rim,1,13.955,6,April
11.7,1.4907,0.977,0.1969,rim,2,13.955,6,April
16.8,1.4756,0.977,0.1969,rim,3,13.955,6,April
18.6,1.4645,0.977,0.1969,rim,4,13.955,6,April
19.2,1.4477,0.977,0.1969,rim,5,13.955,6,April
22.2,1.4221,0.977,0.1969,rim,6,13.955,6,April
25.1,1.401,0.977,0.1969,rim,7,13.955,6,April
5.1,1.9445,0.9802,0.3222,eiz,1,30.97,2,April
6.2,1.9426,0.9802,0.3222,eiz,2,30.97,2,April
9.7,1.9287,0.9802,0.3222,eiz,3,30.97,2,April
12.5,1.9222,0.9802,0.3222,eiz,4,30.97,2,April
14,1.9172,0.9802,0.3222,eiz,5,30.97,2,April
15.7,1.9082,0.9802,0.3222,eiz,6,30.97,2,April
17.3,1.8969,0.9802,0.3222,eiz,7,30.97,2,April
19.4,1.8764,0.9802,0.3222,eiz,8,30.97,2,April
25,1.836,0.9802,0.3222,eiz,9,30.97,2,April
27.1,1.83,0.9802,0.3222,eiz,10,30.97,2,April
31.5,1.7974,0.9802,0.3222,eiz,11,30.97,2,April
38.4,1.7549,0.9802,0.3222,eiz,12,30.97,2,April
5.3,1.8441,0.983,0.2745,eiz,1,22.817,3,April
6.4,1.8428,0.983,0.2745,eiz,2,22.817,3,April
9.3,1.8342,0.983,0.2745,eiz,3,22.817,3,April
11.1,1.8276,0.983,0.2745,eiz,4,22.817,3,April
13,1.8201,0.983,0.2745,eiz,5,22.817,3,April
15.6,1.8122,0.983,0.2745,eiz,6,22.817,3,April
17,1.7998,0.983,0.2745,eiz,7,22.817,3,April
19.5,1.7789,0.983,0.2745,eiz,8,22.817,3,April
25.1,1.7346,0.983,0.2745,eiz,9,22.817,3,April
27.5,1.728,0.983,0.2745,eiz,10,22.817,3,April
32.8,1.6978,0.983,0.2745,eiz,11,22.817,3,April
50.5,1.6527,0.983,0.2745,eiz,12,22.817,3,April
5.3,1.6107,0.9769,0.1932,eiz,1,28.34,4,April
6.3,1.6057,0.9769,0.1932,eiz,2,28.34,4,April
8.9,1.6004,0.9769,0.1932,eiz,3,28.34,4,April
10.3,1.5999,0.9769,0.1932,eiz,4,28.34,4,April
13.3,1.5878,0.9769,0.1932,eiz,5,28.34,4,April
15.1,1.5835,0.9769,0.1932,eiz,6,28.34,4,April
17.3,1.5743,0.9769,0.1932,eiz,7,28.34,4,April
20,1.553,0.9769,0.1932,eiz,8,28.34,4,April
25.8,1.5222,0.9769,0.1932,eiz,9,28.34,4,April
28.9,1.5161,0.9769,0.1932,eiz,10,28.34,4,April
45.9,1.4926,0.9769,0.1932,eiz,11,28.34,4,April
5.4,1.884,0.9821,0.2789,eiz,1,35.324,5,April
6.3,1.8811,0.9821,0.2789,eiz,2,35.324,5,April
10.6,1.8645,0.9821,0.2789,eiz,3,35.324,5,April
13.8,1.8538,0.9821,0.2789,eiz,4,35.324,5,April
15.3,1.8444,0.9821,0.2789,eiz,5,35.324,5,April
16.1,1.8372,0.9821,0.2789,eiz,6,35.324,5,April
17.7,1.8232,0.9821,0.2789,eiz,7,35.324,5,April
20,1.8037,0.9821,0.2789,eiz,8,35.324,5,April
24.3,1.7693,0.9821,0.2789,eiz,9,35.324,5,April
27.4,1.7606,0.9821,0.2789,eiz,10,35.324,5,April
32.3,1.7443,0.9821,0.2789,eiz,11,35.324,5,April
38.9,1.7161,0.9821,0.2789,eiz,12,35.324,5,April
0.3,2.172,0.9113,0.4436,tt,1,53.633,1,April
3.5,2.1603,0.9113,0.4436,tt,2,53.633,1,April
4.4,2.1542,0.9113,0.4436,tt,3,53.633,1,April
6.4,2.1481,0.9113,0.4436,tt,4,53.633,1,April
9,2.138,0.9113,0.4436,tt,5,53.633,1,April
10.5,2.1326,0.9113,0.4436,tt,6,53.633,1,April
11.6,2.1239,0.9113,0.4436,tt,7,53.633,1,April
15.7,2.0822,0.9113,0.4436,tt,8,53.633,1,April
16.4,2.0644,0.9113,0.4436,tt,9,53.633,1,April
16.8,2.051,0.9113,0.4436,tt,10,53.633,1,April
17.5,2.0256,0.9113,0.4436,tt,11,53.633,1,April
19.4,1.9941,0.9113,0.4436,tt,12,53.633,1,April
21,1.9715,0.9113,0.4436,tt,13,53.633,1,April
0.2,2.2678,0.995,0.5245,tt,1,47.104,2,April
2.7,2.2588,0.995,0.5245,tt,2,47.104,2,April
6.9,2.2495,0.995,0.5245,tt,3,47.104,2,April
9,2.237,0.995,0.5245,tt,4,47.104,2,April
13.4,2.2316,0.995,0.5245,tt,5,47.104,2,April
19,2.1803,0.995,0.5245,tt,6,47.104,2,April
19.05,2.1758,0.995,0.5245,tt,7,47.104,2,April
19.4,2.1677,0.995,0.5245,tt,8,47.104,2,April
20.4,2.1496,0.995,0.5245,tt,9,47.104,2,April
22.7,2.1211,0.995,0.5245,tt,10,47.104,2,April
24.6,2.1007,0.995,0.5245,tt,11,47.104,2,April
0.19,2.0076,0.9207,0.367,tt,1,42.753,3,April
1.65,2.0021,0.9207,0.367,tt,2,42.753,3,April
3.6,1.9947,0.9207,0.367,tt,3,42.753,3,April
7.2,1.9866,0.9207,0.367,tt,4,42.753,3,April
8.3,1.9822,0.9207,0.367,tt,5,42.753,3,April
13.5,1.9627,0.9207,0.367,tt,6,42.753,3,April
14,1.9427,0.9207,0.367,tt,7,42.753,3,April
14.8,1.9221,0.9207,0.367,tt,8,42.753,3,April
16.8,1.889,0.9207,0.367,tt,9,42.753,3,April
18.6,1.8676,0.9207,0.367,tt,10,42.753,3,April
0.3,2.1848,0.9207,0.3878,tt,1,48.409,4,April
2.85,2.1724,0.9207,0.3878,tt,2,48.409,4,April
5.6,2.1633,0.9207,0.3878,tt,3,48.409,4,April
8.3,2.1533,0.9207,0.3878,tt,4,48.409,4,April
9.9,2.1467,0.9207,0.3878,tt,5,48.409,4,April
15.5,2.0885,0.9207,0.3878,tt,6,48.409,4,April
16.3,2.061,0.9207,0.3878,tt,7,48.409,4,April
17.2,2.0411,0.9207,0.3878,tt,8,48.409,4,April
18.4,2.0061,0.9207,0.3878,tt,9,48.409,4,April
21.9,1.9585,0.9207,0.3878,tt,10,48.409,4,April
23.75,1.9262,0.9207,0.3878,tt,11,48.409,4,April
0.4,7.114,5.3727,0.6717,pana,1,113.18,1,April
1.4,7.11002,5.3727,0.6717,pana,2,113.18,1,April
2.5,7.1005,5.3727,0.6717,pana,3,113.18,1,April
3.9,7.0898,5.3727,0.6717,pana,4,113.18,1,April
9.7,7.0604,5.3727,0.6717,pana,5,113.18,1,April
12.6,7.0378,5.3727,0.6717,pana,6,113.18,1,April
16.1,6.9902,5.3727,0.6717,pana,7,113.18,1,April
16.7,6.9747,5.3727,0.6717,pana,8,113.18,1,April
17.5,6.9569,5.3727,0.6717,pana,9,113.18,1,April
18.3,6.9178,5.3727,0.6717,pana,10,113.18,1,April
19.1,6.8884,5.3727,0.6717,pana,11,113.18,1,April
20.7,6.8596,5.3727,0.6717,pana,12,113.18,1,April
23.6,6.7763,5.3727,0.6717,pana,13,113.18,1,April
1.9,8.2023,5.4003,1.112,pana,2,154.017,2,April
3.6,8.1758,5.4003,1.112,pana,3,154.017,2,April
6.1,8.0859,5.4003,1.112,pana,4,154.017,2,April
8.6,8.0639,5.4003,1.112,pana,5,154.017,2,April
11.1,8.0399,5.4003,1.112,pana,6,154.017,2,April
14,8.008,5.4003,1.112,pana,7,154.017,2,April
14.9,7.9864,5.4003,1.112,pana,8,154.017,2,April
16.1,7.9656,5.4003,1.112,pana,9,154.017,2,April
17.7,7.928,5.4003,1.112,pana,10,154.017,2,April
19.3,7.865,5.4003,1.112,pana,11,154.017,2,April
21.9,7.8148,5.4003,1.112,pana,12,154.017,2,April
25,7.7303,5.4003,1.112,pana,13,154.017,2,April
28,7.6704,5.4003,1.112,pana,14,154.017,2,April
4.3,8.8381,5.6739,1.4136,pana,1,140.752,3,April
6.3,8.8188,5.6739,1.4136,pana,2,140.752,3,April
8.9,8.7942,5.6739,1.4136,pana,3,140.752,3,April
12.4,8.766,5.6739,1.4136,pana,4,140.752,3,April
15.7,8.723,5.6739,1.4136,pana,5,140.752,3,April
17.7,8.6857,5.6739,1.4136,pana,6,140.752,3,April
20.8,8.55943,5.6739,1.4136,pana,7,140.752,3,April
22,8.5466,5.6739,1.4136,pana,8,140.752,3,April
23.8,8.4779,5.6739,1.4136,pana,9,140.752,3,April
26.9,8.3833,5.6739,1.4136,pana,10,140.752,3,April
1.5,8.1096,5.3119,1.1418,pana,3,182.338,4,April
3.5,8.1015,5.3119,1.1418,pana,4,182.338,4,April
6.1,8.0793,5.3119,1.1418,pana,5,182.338,4,April
9.9,8.0431,5.3119,1.1418,pana,6,182.338,4,April
12.8,7.973,5.3119,1.1418,pana,7,182.338,4,April
17.7,7.8948,5.3119,1.1418,pana,8,182.338,4,April
18.4,7.8573,5.3119,1.1418,pana,9,182.338,4,April
20.6,7.7771,5.3119,1.1418,pana,10,182.338,4,April
21.9,7.7409,5.3119,1.1418,pana,11,182.338,4,April
23.5,7.6765,5.3119,1.1418,pana,12,182.338,4,April
0.7,2.1647,0.9128,0.4336,clil,1,53.09,1,April
3.2,2.1557,0.9128,0.4336,clil,2,53.09,1,April
9.8,2.1398,0.9128,0.4336,clil,3,53.09,1,April
12,2.131,0.9128,0.4336,clil,4,53.09,1,April
14.3,2.1213,0.9128,0.4336,clil,5,53.09,1,April
16.4,2.1107,0.9128,0.4336,clil,6,53.09,1,April
18.7,2.0964,0.9128,0.4336,clil,7,53.09,1,April
20.3,2.0817,0.9128,0.4336,clil,8,53.09,1,April
21.8,2.0514,0.9128,0.4336,clil,9,53.09,1,April
22.1,2.0488,0.9128,0.4336,clil,10,53.09,1,April
24,2.0119,0.9128,0.4336,clil,11,53.09,1,April
24.9,1.9913,0.9128,0.4336,clil,12,53.09,1,April
25.35,1.9707,0.9128,0.4336,clil,13,53.09,1,April
0.7,2.3018,0.9965,0.495,clil,1,53.621,2,April
2.9,2.2934,0.9965,0.495,clil,2,53.621,2,April
8.2,2.2767,0.9965,0.495,clil,3,53.621,2,April
10.3,2.2719,0.9965,0.495,clil,4,53.621,2,April
11.6,2.266,0.9965,0.495,clil,5,53.621,2,April
13.3,2.2584,0.9965,0.495,clil,6,53.621,2,April
15.7,2.249,0.9965,0.495,clil,7,53.621,2,April
19.05,2.2334,0.9965,0.495,clil,8,53.621,2,April
23,2.1989,0.9965,0.495,clil,9,53.621,2,April
26,2.1536,0.9965,0.495,clil,10,53.621,2,April
27.4,2.124,0.9965,0.495,clil,11,53.621,2,April
1.5,2.1519,0.9221,0.4371,clil,1,51.359,3,April
4,2.1448,0.9221,0.4371,clil,2,51.359,3,April
9.8,2.1269,0.9221,0.4371,clil,3,51.359,3,April
11.9,2.1193,0.9221,0.4371,clil,4,51.359,3,April
12.7,2.1146,0.9221,0.4371,clil,5,51.359,3,April
15,2.105,0.9221,0.4371,clil,6,51.359,3,April
16.4,2.0967,0.9221,0.4371,clil,7,51.359,3,April
18.95,2.0805,0.9221,0.4371,clil,8,51.359,3,April
21.15,2.0533,0.9221,0.4371,clil,9,51.359,3,April
23.9,2.0079,0.9221,0.4371,clil,10,51.359,3,April
25.4,1.9674,0.9221,0.4371,clil,11,51.359,3,April
26.8,1.9457,0.9221,0.4371,clil,12,51.359,3,April
2.2,1.9066,0.9494,0.3722,clil,1,45.717,4,April
9,1.8919,0.9494,0.3722,clil,2,45.717,4,April
12.1,1.8841,0.9494,0.3722,clil,3,45.717,4,April
13.4,1.8804,0.9494,0.3722,clil,4,45.717,4,April
14.4,1.8756,0.9494,0.3722,clil,5,45.717,4,April
16.85,1.8682,0.9494,0.3722,clil,6,45.717,4,April
20.45,1.8563,0.9494,0.3722,clil,7,45.717,4,April
22.2,1.8426,0.9494,0.3722,clil,8,45.717,4,April
24,1.8235,0.9494,0.3722,clil,9,45.717,4,April
25,1.8071,0.9494,0.3722,clil,10,45.717,4,April
26.3,1.7779,0.9494,0.3722,clil,11,45.717,4,April
0.7,2.1315,0.9255,0.4564,clil,1,50.756,5,April
4,2.121,0.9255,0.4564,clil,2,50.756,5,April
11.1,2.098,0.9255,0.4564,clil,3,50.756,5,April
13.3,2.087,0.9255,0.4564,clil,4,50.756,5,April
14.4,2.0822,0.9255,0.4564,clil,5,50.756,5,April
16.8,2.0726,0.9255,0.4564,clil,6,50.756,5,April
19.1,2.0558,0.9255,0.4564,clil,7,50.756,5,April
20.8,2.0378,0.9255,0.4564,clil,8,50.756,5,April
23.45,2.0161,0.9255,0.4564,clil,9,50.756,5,April
24.6,1.9813,0.9255,0.4564,clil,10,50.756,5,April
26.8,1.9451,0.9255,0.4564,clil,11,50.756,5,April
0.2,2.9914,0.9386,0.7399,clil,1,82.883,6,April
1.1,2.98,0.9386,0.7399,clil,2,82.883,6,April
6,2.9625,0.9386,0.7399,clil,3,82.883,6,April
6.8,2.9547,0.9386,0.7399,clil,4,82.883,6,April
8.8,2.9387,0.9386,0.7399,clil,5,82.883,6,April
11.6,2.923,0.9386,0.7399,clil,6,82.883,6,April
14,2.9077,0.9386,0.7399,clil,7,82.883,6,April
16.85,2.885,0.9386,0.7399,clil,8,82.883,6,April
20.1,2.8467,0.9386,0.7399,clil,9,82.883,6,April
23,2.7642,0.9386,0.7399,clil,10,82.883,6,April
23.6,2.74,0.9386,0.7399,clil,11,82.883,6,April
24.65,2.7102,0.9386,0.7399,clil,12,82.883,6,April
2.4,2.9067,0.9789,0.7935,lego,1,62.624,1,April
4.5,2.8913,0.9789,0.7935,lego,2,62.624,1,April
6.6,2.8747,0.9789,0.7935,lego,3,62.624,1,April
9.1,2.8466,0.9789,0.7935,lego,4,62.624,1,April
11.4,2.8262,0.9789,0.7935,lego,5,62.624,1,April
13.4,2.7952,0.9789,0.7935,lego,6,62.624,1,April
15,2.7626,0.9789,0.7935,lego,7,62.624,1,April
17,2.708,0.9789,0.7935,lego,8,62.624,1,April
19.4,2.6393,0.9789,0.7935,lego,9,62.624,1,April
21.8,2.5683,0.9789,0.7935,lego,10,62.624,1,April
23.5,2.5324,0.9789,0.7935,lego,11,62.624,1,April
25.5,2.5178,0.9789,0.7935,lego,12,62.624,1,April
27.8,2.4642,0.9789,0.7935,lego,13,62.624,1,April
2,2.9343,0.9791,0.8185,lego,1,73.891,2,April
4,2.9159,0.9791,0.8185,lego,2,73.891,2,April
6.3,2.8957,0.9791,0.8185,lego,3,73.891,2,April
9,2.8722,0.9791,0.8185,lego,4,73.891,2,April
11.8,2.8464,0.9791,0.8185,lego,5,73.891,2,April
14.4,2.8194,0.9791,0.8185,lego,6,73.891,2,April
16,2.7893,0.9791,0.8185,lego,7,73.891,2,April
18.3,2.7365,0.9791,0.8185,lego,8,73.891,2,April
20.8,2.6757,0.9791,0.8185,lego,9,73.891,2,April
23.4,2.6071,0.9791,0.8185,lego,10,73.891,2,April
25.4,2.5834,0.9791,0.8185,lego,11,73.891,2,April
27.4,2.5637,0.9791,0.8185,lego,12,73.891,2,April
30,2.5125,0.9791,0.8185,lego,13,73.891,2,April
2,2.576,0.9994,0.6548,lego,1,44.695,3,April
4.4,2.5571,0.9994,0.6548,lego,2,44.695,3,April
6.6,2.5418,0.9994,0.6548,lego,3,44.695,3,April
9.3,2.5219,0.9994,0.6548,lego,4,44.695,3,April
12.2,2.4981,0.9994,0.6548,lego,5,44.695,3,April
14.2,2.478,0.9994,0.6548,lego,6,44.695,3,April
15.9,2.4521,0.9994,0.6548,lego,7,44.695,3,April
18.4,2.4011,0.9994,0.6548,lego,8,44.695,3,April
20.7,2.3457,0.9994,0.6548,lego,9,44.695,3,April
23.2,2.28,0.9994,0.6548,lego,10,44.695,3,April
25.6,2.2608,0.9994,0.6548,lego,11,44.695,3,April
27.7,2.2427,0.9994,0.6548,lego,12,44.695,3,April
30.8,2.202,0.9994,0.6548,lego,13,44.695,3,April
1.7,2.7743,0.9803,0.7023,lego,1,48.16,4,April
4.5,2.7553,0.9803,0.7023,lego,2,48.16,4,April
7.6,2.7342,0.9803,0.7023,lego,3,48.16,4,April
10.5,2.7102,0.9803,0.7023,lego,4,48.16,4,April
13.3,2.6801,0.9803,0.7023,lego,5,48.16,4,April
15.3,2.6529,0.9803,0.7023,lego,6,48.16,4,April
16.8,2.6245,0.9803,0.7023,lego,7,48.16,4,April
19.1,2.5653,0.9803,0.7023,lego,8,48.16,4,April
21.4,2.4979,0.9803,0.7023,lego,9,48.16,4,April
24.8,2.4238,0.9803,0.7023,lego,10,48.16,4,April
27.8,2.4067,0.9803,0.7023,lego,11,48.16,4,April
28.5,2.378,0.9803,0.7023,lego,12,48.16,4,April
31.6,2.3342,0.9803,0.7023,lego,13,48.16,4,April
2.5,3.6399,0.9735,1.0466,lego,1,76.026,5,April
4.8,3.6012,0.9735,1.0466,lego,2,76.026,5,April
7.4,3.5669,0.9735,1.0466,lego,3,76.026,5,April
10,3.5303,0.9735,1.0466,lego,4,76.026,5,April
12.8,3.4873,0.9735,1.0466,lego,5,76.026,5,April
14.7,3.4404,0.9735,1.0466,lego,6,76.026,5,April
16.2,3.3931,0.9735,1.0466,lego,7,76.026,5,April
19,3.2837,0.9735,1.0466,lego,8,76.026,5,April
21.8,3.1747,0.9735,1.0466,lego,9,76.026,5,April
25.8,3.0451,0.9735,1.0466,lego,10,76.026,5,April
28.2,3.0356,0.9735,1.0466,lego,11,76.026,5,April
29.6,2.98,0.9735,1.0466,lego,12,76.026,5,April
33.2,2.9132,0.9735,1.0466,lego,13,76.026,5,April
1.9,2.2433,0.9824,0.5035,lego,1,37.762,6,April
3.2,2.2013,0.9824,0.5035,lego,2,37.762,6,April
6.4,2.1809,0.9824,0.5035,lego,3,37.762,6,April
9.2,2.1641,0.9824,0.5035,lego,4,37.762,6,April
12.5,2.1427,0.9824,0.5035,lego,5,37.762,6,April
14.7,2.1226,0.9824,0.5035,lego,6,37.762,6,April
16,2.1043,0.9824,0.5035,lego,7,37.762,6,April
18.4,2.0608,0.9824,0.5035,lego,8,37.762,6,April
20.3,2.0197,0.9824,0.5035,lego,9,37.762,6,April
21.8,1.9752,0.9824,0.5035,lego,10,37.762,6,April
25.1,1.9693,0.9824,0.5035,lego,11,37.762,6,April
26.6,1.9424,0.9824,0.5035,lego,12,37.762,6,April
28,1.9215,0.9824,0.5035,lego,13,37.762,6,April
33.6,1.8753,0.9824,0.5035,lego,14,37.762,6,April
1.4,2.2571,0.9811,0.4738,maish,1,34.539,1,April
4.3,2.2507,0.9811,0.4738,maish,2,34.539,1,April
6.8,2.2413,0.9811,0.4738,maish,3,34.539,1,April
10.9,2.2279,0.9811,0.4738,maish,4,34.539,1,April
14.2,2.2128,0.9811,0.4738,maish,5,34.539,1,April
16.2,2.1904,0.9811,0.4738,maish,6,34.539,1,April
18.1,2.1586,0.9811,0.4738,maish,7,34.539,1,April
20.4,2.1206,0.9811,0.4738,maish,8,34.539,1,April
22.5,2.0887,0.9811,0.4738,maish,9,34.539,1,April
27.8,1.9801,0.9811,0.4738,maish,10,34.539,1,April
35.1,1.8445,0.9811,0.4738,maish,11,34.539,1,April
1.5,1.7805,0.9809,0.3196,maish,1,27.427,2,April
3.6,1.7777,0.9809,0.3196,maish,2,27.427,2,April
6.5,1.7717,0.9809,0.3196,maish,3,27.427,2,April
12.5,1.7593,0.9809,0.3196,maish,4,27.427,2,April
15.9,1.7474,0.9809,0.3196,maish,5,27.427,2,April
17.9,1.7342,0.9809,0.3196,maish,6,27.427,2,April
19,1.721,0.9809,0.3196,maish,7,27.427,2,April
21.5,1.6978,0.9809,0.3196,maish,8,27.427,2,April
24.5,1.6606,0.9809,0.3196,maish,9,27.427,2,April
28.1,1.6068,0.9809,0.3196,maish,10,27.427,2,April
29.2,1.5849,0.9809,0.3196,maish,11,27.427,2,April
36.2,1.5375,0.9809,0.3196,maish,12,27.427,2,April
1.4,2.2274,0.9821,0.4361,maish,1,32.895,4,April
3.3,2.2223,0.9821,0.4361,maish,2,32.895,4,April
5.3,2.2172,0.9821,0.4361,maish,3,32.895,4,April
7.7,2.2039,0.9821,0.4361,maish,4,32.895,4,April
11.3,2.1905,0.9821,0.4361,maish,5,32.895,4,April
14,2.1683,0.9821,0.4361,maish,6,32.895,4,April
16.5,2.1386,0.9821,0.4361,maish,7,32.895,4,April
18.8,2.0962,0.9821,0.4361,maish,8,32.895,4,April
23.1,2.015,0.9821,0.4361,maish,9,32.895,4,April
25.3,1.9242,0.9821,0.4361,maish,10,32.895,4,April
26.1,1.8851,0.9821,0.4361,maish,11,32.895,4,April
29.2,1.8284,0.9821,0.4361,maish,12,32.895,4,April
30.8,1.8078,0.9821,0.4361,maish,13,32.895,4,April
38.7,1.7161,0.9821,0.4361,maish,14,32.895,4,April
1.6,2.2895,0.9751,0.4709,maish,1,45.009,5,April
4,2.2677,0.9751,0.4709,maish,2,45.009,5,April
6.9,2.2536,0.9751,0.4709,maish,3,45.009,5,April
10.8,2.2385,0.9751,0.4709,maish,4,45.009,5,April
13.8,2.2228,0.9751,0.4709,maish,5,45.009,5,April
15.5,2.2026,0.9751,0.4709,maish,6,45.009,5,April
22.3,1.997,0.9751,0.4709,maish,7,45.009,5,April
27.8,1.9187,0.9751,0.4709,maish,8,45.009,5,April
36.2,1.7892,0.9751,0.4709,maish,9,45.009,5,April
1.6,3.0974,0.9834,0.8008,maish,1,54.634,6,April
3.3,3.0866,0.9834,0.8008,maish,2,54.634,6,April
7.3,3.0653,0.9834,0.8008,maish,3,54.634,6,April
9.4,3.0498,0.9834,0.8008,maish,4,54.634,6,April
12.7,3.0231,0.9834,0.8008,maish,5,54.634,6,April
14.9,2.9909,0.9834,0.8008,maish,6,54.634,6,April
19.3,2.9179,0.9834,0.8008,maish,7,54.634,6,April
21.7,2.8278,0.9834,0.8008,maish,8,54.634,6,April
26.9,2.6742,0.9834,0.8008,maish,9,54.634,6,April
33.4,2.4193,0.9834,0.8008,maish,10,54.634,6,April
41.3,2.1635,0.9834,0.8008,maish,11,54.634,6,April
0.8,1.6447,0.9904,0.2987,pear,1,,1,June
4.7,1.6387,0.9904,0.2987,pear,2,,1,June
9.3,1.6354,0.9904,0.2987,pear,3,,1,June
12.8,1.6307,0.9904,0.2987,pear,4,,1,June
16.6,1.6259,0.9904,0.2987,pear,5,,1,June
20,1.6225,0.9904,0.2987,pear,6,,1,June
24.9,1.6165,0.9904,0.2987,pear,7,,1,June
29.4,1.609,0.9904,0.2987,pear,8,,1,June
38.3,1.5944,0.9904,0.2987,pear,9,,1,June
43.2,1.5862,0.9904,0.2987,pear,10,,1,June
51.5,1.5719,0.9904,0.2987,pear,11,,1,June
1,1.7852,0.9533,0.35,pear,1,,2,June
3.1,1.7761,0.9533,0.35,pear,2,,2,June
6.5,1.7696,0.9533,0.35,pear,3,,2,June
10.8,1.7638,0.9533,0.35,pear,4,,2,June
12,1.7591,0.9533,0.35,pear,5,,2,June
18.9,1.7486,0.9533,0.35,pear,6,,2,June
21.2,1.7412,0.9533,0.35,pear,7,,2,June
29.5,1.7312,0.9533,0.35,pear,8,,2,June
35.6,1.7055,0.9533,0.35,pear,9,,2,June
39.4,1.6965,0.9533,0.35,pear,10,,2,June
44.6,1.6877,0.9533,0.35,pear,11,,2,June
52.4,1.6797,0.9533,0.35,pear,12,,2,June
,1.912,0.9374,0.4317,pear,1,,3,June
5.5,1.9,0.9374,0.4317,pear,2,,3,June
12,1.8897,0.9374,0.4317,pear,3,,3,June
14.6,1.8817,0.9374,0.4317,pear,4,,3,June
23.3,1.8659,0.9374,0.4317,pear,5,,3,June
25.2,1.861,0.9374,0.4317,pear,6,,3,June
28.6,1.8518,0.9374,0.4317,pear,7,,3,June
33.2,1.8418,0.9374,0.4317,pear,8,,3,June
39,1.8274,0.9374,0.4317,pear,9,,3,June
43.3,1.8166,0.9374,0.4317,pear,10,,3,June
,2.328,0.9692,0.6053,pear,1,,4,June
9,2.2786,0.9692,0.6053,pear,2,,4,June
17.5,2.255,0.9692,0.6053,pear,3,,4,June
19,2.2502,0.9692,0.6053,pear,4,,4,June
20.9,2.2399,0.9692,0.6053,pear,5,,4,June
25.5,2.2272,0.9692,0.6053,pear,6,,4,June
28.8,2.2175,0.9692,0.6053,pear,7,,4,June
31.5,2.2042,0.9692,0.6053,pear,8,,4,June
34.8,2.1904,0.9692,0.6053,pear,9,,4,June
,2.1802,0.9692,0.6053,pear,10,,4,June
,2.1742,0.9692,0.6053,pear,11,,4,June
,2.3124,0.9815,0.583,pear,1,,11,June
5.2,2.2957,0.9815,0.583,pear,2,,11,June
12,2.2808,0.9815,0.583,pear,3,,11,June
15.5,2.2683,0.9815,0.583,pear,4,,11,June
17.1,2.2626,0.9815,0.583,pear,5,,11,June
21.6,2.2494,0.9815,0.583,pear,6,,11,June
28.2,2.227,0.9815,0.583,pear,7,,11,June
32.2,2.2089,0.9815,0.583,pear,8,,11,June
35.9,2.1932,0.9815,0.583,pear,9,,11,June
41.9,2.1649,0.9815,0.583,pear,10,,11,June
4.6,1.9918,0.9851,0.5,pear,1,,5,June
11.3,1.9726,0.9851,0.5,pear,2,,5,June
13.6,1.9705,0.9851,0.5,pear,3,,5,June
15.8,1.9653,0.9851,0.5,pear,4,,5,June
18.6,1.9603,0.9851,0.5,pear,5,,5,June
20.3,1.9573,0.9851,0.5,pear,6,,5,June
23,1.95,0.9851,0.5,pear,7,,5,June
25.5,1.9465,0.9851,0.5,pear,8,,5,June
27.3,1.9403,0.9851,0.5,pear,9,,5,June
29.6,1.9389,0.9851,0.5,pear,10,,5,June
31,1.9341,0.9851,0.5,pear,11,,5,June
33.4,1.93,0.9851,0.5,pear,12,,5,June
36.1,1.9275,0.9851,0.5,pear,13,,5,June
38.5,1.9248,0.9851,0.5,pear,14,,5,June
4.3,2.2026,0.9402,0.5,pear,1,,6,June
9.9,2.1811,0.9402,0.5,pear,2,,6,June
13.2,2.1792,0.9402,0.5,pear,3,,6,June
15,2.1683,0.9402,0.5,pear,4,,6,June
20.4,2.1549,0.9402,0.5,pear,5,,6,June
22.5,2.1514,0.9402,0.5,pear,6,,6,June
23.7,2.1453,0.9402,0.5,pear,7,,6,June
25.8,2.1393,0.9402,0.5,pear,8,,6,June
28.8,2.1311,0.9402,0.5,pear,9,,6,June
30.2,2.1293,0.9402,0.5,pear,10,,6,June
33.9,2.1195,0.9402,0.5,pear,11,,6,June
35.3,2.1168,0.9402,0.5,pear,12,,6,June
37.1,2.114,0.9402,0.5,pear,13,,6,June
3.8,2.4777,0.9831,0.5,pear,1,,7,June
8.5,2.4465,0.9831,0.5,pear,2,,7,June
9.4,2.4398,0.9831,0.5,pear,3,,7,June
12.5,2.4255,0.9831,0.5,pear,4,,7,June
15.7,2.4151,0.9831,0.5,pear,5,,7,June
20.6,2.399,0.9831,0.5,pear,6,,7,June
22.3,2.3953,0.9831,0.5,pear,7,,7,June
23.3,2.3894,0.9831,0.5,pear,8,,7,June
25.8,2.3826,0.9831,0.5,pear,9,,7,June
28.8,2.3734,0.9831,0.5,pear,10,,7,June
30.7,2.37,0.9831,0.5,pear,11,,7,June
33.9,2.3592,0.9831,0.5,pear,12,,7,June
35.1,2.3566,0.9831,0.5,pear,13,,7,June
37.3,2.3537,0.9831,0.5,pear,14,,7,June
1.1,2.2642,0.9842,0.4974,rim,1,,1,June
3.6,2.2544,0.9842,0.4974,rim,2,,1,June
5.3,2.2503,0.9842,0.4974,rim,3,,1,June
9.3,2.2393,0.9842,0.4974,rim,4,,1,June
12.6,2.2243,0.9842,0.4974,rim,5,,1,June
15.6,2.2146,0.9842,0.4974,rim,6,,1,June
18,2.2052,0.9842,0.4974,rim,7,,1,June
20.6,2.1914,0.9842,0.4974,rim,8,,1,June
23.8,2.175,0.9842,0.4974,rim,9,,1,June
25.2,2.1657,0.9842,0.4974,rim,10,,1,June
27.8,2.1475,0.9842,0.4974,rim,11,,1,June
1.3,2.1068,0.9899,0.4574,rim,1,,2,June
3.3,2.0997,0.9899,0.4574,rim,2,,2,June
5.9,2.0923,0.9899,0.4574,rim,3,,2,June
8.7,2.084,0.9899,0.4574,rim,4,,2,June
13.6,2.069,0.9899,0.4574,rim,5,,2,June
16.4,2.0614,0.9899,0.4574,rim,6,,2,June
19.8,2.0513,0.9899,0.4574,rim,7,,2,June
21.7,2.0422,0.9899,0.4574,rim,8,,2,June
25.2,2.024,0.9899,0.4574,rim,9,,2,June
27.2,2.0088,0.9899,0.4574,rim,10,,2,June
29,1.9898,0.9899,0.4574,rim,11,,2,June
3.2,2.192,0.935,0.5062,rim,1,,3,June
5.9,2.1829,0.935,0.5062,rim,2,,3,June
8.8,2.1725,0.935,0.5062,rim,3,,3,June
12.3,2.1608,0.935,0.5062,rim,4,,3,June
17.7,2.1392,0.935,0.5062,rim,5,,3,June
19.7,2.1298,0.935,0.5062,rim,6,,3,June
21,2.1195,0.935,0.5062,rim,7,,3,June
25.2,2.086,0.935,0.5062,rim,8,,3,June
28,2.0663,0.935,0.5062,rim,9,,3,June
30.4,2.0436,0.935,0.5062,rim,10,,3,June
0.6,1.5861,0.9199,0.226,rim,1,,4,June
2.2,1.5827,0.9199,0.226,rim,2,,4,June
5.4,1.5753,0.9199,0.226,rim,3,,4,June
8.5,1.5676,0.9199,0.226,rim,4,,4,June
14.7,1.5558,0.9199,0.226,rim,5,,4,June
17.4,1.5501,0.9199,0.226,rim,6,,4,June
20.1,1.5422,0.9199,0.226,rim,7,,4,June
22.2,1.5359,0.9199,0.226,rim,8,,4,June
25.5,1.5218,0.9199,0.226,rim,9,,4,June
27.2,1.5074,0.9199,0.226,rim,10,,4,June
29.7,1.4853,0.9199,0.226,rim,11,,4,June
1.8,1.8927,0.9955,0.3467,rim,1,,5,June
5.3,1.8833,0.9955,0.3467,rim,2,,5,June
9.8,1.8721,0.9955,0.3467,rim,3,,5,June
14.6,1.8588,0.9955,0.3467,rim,4,,5,June
18.2,1.8479,0.9955,0.3467,rim,5,,5,June
20.4,1.8397,0.9955,0.3467,rim,6,,5,June
22.2,1.8287,0.9955,0.3467,rim,7,,5,June
24.1,1.8189,0.9955,0.3467,rim,8,,5,June
26.3,1.8042,0.9955,0.3467,rim,9,,5,June
29.1,1.7753,0.9955,0.3467,rim,10,,5,June
0.8,2.3515,0.9531,0.5789,rim,1,,6,June
2.8,2.3359,0.9531,0.5789,rim,2,,6,June
5.6,2.3233,0.9531,0.5789,rim,3,,6,June
10.7,2.3048,0.9531,0.5789,rim,4,,6,June
14,2.2937,0.9531,0.5789,rim,5,,6,June
17.1,2.282,0.9531,0.5789,rim,6,,6,June
19.9,2.271,0.9531,0.5789,rim,7,,6,June
23.7,2.2537,0.9531,0.5789,rim,8,,6,June
27.2,2.2303,0.9531,0.5789,rim,9,,6,June
29,2.2172,0.9531,0.5789,rim,10,,6,June
32.7,2.1713,0.9531,0.5789,rim,11,,6,June
0.8,7.6868,5.6084,1.0126,pana,1,,1,June
3.3,7.6711,5.6084,1.0126,pana,2,,1,June
6.2,7.6476,5.6084,1.0126,pana,3,,1,June
9.3,7.6269,5.6084,1.0126,pana,4,,1,June
13.7,7.6073,5.6084,1.0126,pana,5,,1,June
20,7.58698,5.6084,1.0126,pana,6,,1,June
22.3,7.56666,5.6084,1.0126,pana,7,,1,June
24.5,7.54634,5.6084,1.0126,pana,8,,1,June
26,7.52602,5.6084,1.0126,pana,9,,1,June
1,3.8825,2.3095,0.7142,pana,1,,2,June
3,3.8753,2.3095,0.7142,pana,2,,2,June
5.6,3.8637,2.3095,0.7142,pana,3,,2,June
8.1,3.8551,2.3095,0.7142,pana,4,,2,June
12.1,3.8394,2.3095,0.7142,pana,5,,2,June
20.2,3.7973,2.3095,0.7142,pana,6,,2,June
22.4,3.7691,2.3095,0.7142,pana,7,,2,June
25.3,3.7213,2.3095,0.7142,pana,8,,2,June
27.9,3.6761,2.3095,0.7142,pana,9,,2,June
31.7,3.5973,2.3095,0.7142,pana,10,,2,June
0.8,4.0102,1.9894,0.9423,pana,1,,3,June
3.8,3.9972,1.9894,0.9423,pana,2,,3,June
5.9,3.9851,1.9894,0.9423,pana,3,,3,June
8.7,3.9723,1.9894,0.9423,pana,4,,3,June
14.6,3.9407,1.9894,0.9423,pana,5,,3,June
17.6,3.923,1.9894,0.9423,pana,6,,3,June
21.6,3.8864,1.9894,0.9423,pana,7,,3,June
23.9,3.8356,1.9894,0.9423,pana,8,,3,June
25.4,3.8056,1.9894,0.9423,pana,9,,3,June
27.3,3.7457,1.9894,0.9423,pana,10,,3,June
31.1,3.6614,1.9894,0.9423,pana,11,,3,June
1,5.5219,3.3369,0.993,pana,1,,4,June
4.6,5.4986,3.3369,0.993,pana,2,,4,June
7.5,5.4793,3.3369,0.993,pana,3,,4,June
10.3,5.4618,3.3369,0.993,pana,4,,4,June
17.8,5.407,3.3369,0.993,pana,5,,4,June
20.5,5.3865,3.3369,0.993,pana,6,,4,June
23.2,5.3428,3.3369,0.993,pana,7,,4,June
26.2,5.2606,3.3369,0.993,pana,8,,4,June
28.1,5.181,3.3369,0.993,pana,9,,4,June
29.7,5.1444,3.3369,0.993,pana,10,,4,June
2.8,2.498,0.9848,0.49066,eiz,1,,1,June
4.1,2.4903,0.9848,0.49066,eiz,2,,1,June
6,2.4812,0.9848,0.49066,eiz,3,,1,June
10.1,2.4428,0.9848,0.49066,eiz,4,,1,June
13.5,2.4235,0.9848,0.49066,eiz,5,,1,June
17.4,2.3953,0.9848,0.49066,eiz,6,,1,June
21,2.3562,0.9848,0.49066,eiz,7,,1,June
24.1,2.3146,0.9848,0.49066,eiz,8,,1,June
26.9,2.2534,0.9848,0.49066,eiz,9,,1,June
28.5,2.214,0.9848,0.49066,eiz,10,,1,June
29.6,2.1698,0.9848,0.49066,eiz,11,,1,June
1,2.3206,0.9363,0.458,eiz,1,,2,June
3,2.3087,0.9363,0.458,eiz,2,,2,June
8.5,2.2682,0.9363,0.458,eiz,3,,2,June
12.8,2.2421,0.9363,0.458,eiz,4,,2,June
15.5,2.2205,0.9363,0.458,eiz,5,,2,June
18.8,2.1925,0.9363,0.458,eiz,6,,2,June
21.6,2.1594,0.9363,0.458,eiz,7,,2,June
24.2,2.1231,0.9363,0.458,eiz,8,,2,June
26.3,2.0756,0.9363,0.458,eiz,9,,2,June
28.9,2.0356,0.9363,0.458,eiz,10,,2,June
29.3,2.0179,0.9363,0.458,eiz,11,,2,June
1.3,1.8127,0.9286,0.2935,eiz,1,,3,June
3,1.8086,0.9286,0.2935,eiz,2,,3,June
5.6,1.7974,0.9286,0.2935,eiz,3,,3,June
7.5,1.7909,0.9286,0.2935,eiz,4,,3,June
11.8,1.7735,0.9286,0.2935,eiz,5,,3,June
15.9,1.7545,0.9286,0.2935,eiz,6,,3,June
19.4,1.7361,0.9286,0.2935,eiz,7,,3,June
21.7,1.7152,0.9286,0.2935,eiz,8,,3,June
24.3,1.6866,0.9286,0.2935,eiz,9,,3,June
27.1,1.6633,0.9286,0.2935,eiz,10,,3,June
28.5,1.645,0.9286,0.2935,eiz,11,,3,June
1.2,2.0152,0.9253,0.3848,eiz,1,,4,June
3,2.0085,0.9253,0.3848,eiz,2,,4,June
6.1,1.9885,0.9253,0.3848,eiz,3,,4,June
8.9,1.9785,0.9253,0.3848,eiz,4,,4,June
11.4,1.9653,0.9253,0.3848,eiz,5,,4,June
16.1,1.9449,0.9253,0.3848,eiz,6,,4,June
20,1.921,0.9253,0.3848,eiz,7,,4,June
22.7,1.898,0.9253,0.3848,eiz,8,,4,June
25.7,1.8666,0.9253,0.3848,eiz,9,,4,June
28.3,1.8395,0.9253,0.3848,eiz,10,,4,June
29.6,1.8072,0.9253,0.3848,eiz,11,,4,June
1.7,7.6695,5.8122,0.8535,maish,1,,3,June
6.5,7.6495,5.8122,0.8535,maish,2,,3,June
7.6,7.6274,5.8122,0.8535,maish,3,,3,June
9.1,7.6133,5.8122,0.8535,maish,4,,3,June
10.5,7.5975,5.8122,0.8535,maish,5,,3,June
11.6,7.5819,5.8122,0.8535,maish,6,,3,June
13.6,7.5647,5.8122,0.8535,maish,7,,3,June
15.3,7.5261,5.8122,0.8535,maish,8,,3,June
17.1,7.4886,5.8122,0.8535,maish,9,,3,June
22.1,7.1975,5.8122,0.8535,maish,10,,3,June
31.7,7.0352,5.8122,0.8535,maish,11,,3,June
1.2,1.8697,0.9302,0.4032,maish,1,,2,June
7,1.8595,0.9302,0.4032,maish,2,,2,June
9.1,1.8531,0.9302,0.4032,maish,3,,2,June
10.8,1.8517,0.9302,0.4032,maish,4,,2,June
12.1,1.8479,0.9302,0.4032,maish,5,,2,June
13.2,1.8396,0.9302,0.4032,maish,6,,2,June
15.3,1.8309,0.9302,0.4032,maish,7,,2,June
17.3,1.8216,0.9302,0.4032,maish,8,,2,June
19.5,1.81,0.9302,0.4032,maish,9,,2,June
22.5,1.7897,0.9302,0.4032,maish,10,,2,June
23.6,1.7759,0.9302,0.4032,maish,11,,2,June
25.4,1.7449,0.9302,0.4032,maish,12,,2,June
31.2,1.6857,0.9302,0.4032,maish,13,,2,June
1.8,1.5072,0.9394,0.2483,maish,1,,1,June
5.5,1.5038,0.9394,0.2483,maish,2,,1,June
7.5,1.5017,0.9394,0.2483,maish,3,,1,June
8.4,1.4988,0.9394,0.2483,maish,4,,1,June
10,1.496,0.9394,0.2483,maish,5,,1,June
11.8,1.4926,0.9394,0.2483,maish,6,,1,June
13.3,1.4888,0.9394,0.2483,maish,7,,1,June
15.1,1.4827,0.9394,0.2483,maish,8,,1,June
17,1.4803,0.9394,0.2483,maish,9,,1,June
19.8,1.4702,0.9394,0.2483,maish,10,,1,June
21.5,1.4642,0.9394,0.2483,maish,11,,1,June
24.3,1.4445,0.9394,0.2483,maish,12,,1,June
28.6,1.4173,0.9394,0.2483,maish,13,,1,June
31.8,1.3962,0.9394,0.2483,maish,14,,1,June
1,1.891,0.9596,0.4201,maish,1,,4,June
4.4,1.8843,0.9596,0.4201,maish,2,,4,June
6.5,1.8792,0.9596,0.4201,maish,3,,4,June
9.1,1.8734,0.9596,0.4201,maish,4,,4,June
11.1,1.8692,0.9596,0.4201,maish,5,,4,June
13.5,1.8612,0.9596,0.4201,maish,6,,4,June
15.3,1.8548,0.9596,0.4201,maish,7,,4,June
17.5,1.8473,0.9596,0.4201,maish,8,,4,June
19.7,1.8396,0.9596,0.4201,maish,9,,4,June
21.4,1.8289,0.9596,0.4201,maish,10,,4,June
24.3,1.8072,0.9596,0.4201,maish,11,,4,June
25.8,1.7764,0.9596,0.4201,maish,12,,4,June
1.4,6.7994,5.5691,0.5613,maish,1,,5,June
6.3,6.7915,5.5691,0.5613,maish,2,,5,June
9,6.7871,5.5691,0.5613,maish,3,,5,June
11,6.7776,5.5691,0.5613,maish,4,,5,June
13.6,6.7667,5.5691,0.5613,maish,5,,5,June
15.8,6.7581,5.5691,0.5613,maish,6,,5,June
19.2,6.7467,5.5691,0.5613,maish,7,,5,June
20.6,6.7307,5.5691,0.5613,maish,8,,5,June
22.2,6.7179,5.5691,0.5613,maish,9,,5,June
23.3,6.7028,5.5691,0.5613,maish,10,,5,June
27.1,6.6616,5.5691,0.5613,maish,11,,5,June
26.8,6.6216,5.5691,0.5613,maish,12,,5,June
1,2.85,0.9121,0.7193,lego,1,,1,June
1.5,2.8433,0.9121,0.7193,lego,2,,1,June
2,2.8355,0.9121,0.7193,lego,3,,1,June
5.2,2.8174,0.9121,0.7193,lego,4,,1,June
7.8,2.8028,0.9121,0.7193,lego,5,,1,June
11.8,2.784,0.9121,0.7193,lego,6,,1,June
15.3,2.7563,0.9121,0.7193,lego,7,,1,June
18.2,2.7216,0.9121,0.7193,lego,8,,1,June
19.5,2.6993,0.9121,0.7193,lego,9,,1,June
21.4,2.6477,0.9121,0.7193,lego,10,,1,June
22.6,2.5862,0.9121,0.7193,lego,11,,1,June
25.4,2.4849,0.9121,0.7193,lego,12,,1,June
0.6,2.6002,0.9869,0.6713,lego,1,,2,June
1,2.5987,0.9869,0.6713,lego,2,,2,June
1.45,2.5966,0.9869,0.6713,lego,3,,2,June
3.2,2.5839,0.9869,0.6713,lego,4,,2,June
5.5,2.5743,0.9869,0.6713,lego,5,,2,June
8.9,2.5582,0.9869,0.6713,lego,6,,2,June
13.2,2.5282,0.9869,0.6713,lego,7,,2,June
15.5,2.4974,0.9869,0.6713,lego,8,,2,June
17,2.4771,0.9869,0.6713,lego,9,,2,June
19,2.4342,0.9869,0.6713,lego,10,,2,June
21.6,2.3353,0.9869,0.6713,lego,11,,2,June
23,2.323,0.9869,0.6713,lego,12,,2,June
0.3,2.835,0.9856,0.7118,lego,1,,3,June
1.6,2.8221,0.9856,0.7118,lego,2,,3,June
3.2,2.7692,0.9856,0.7118,lego,3,,3,June
5.4,2.7567,0.9856,0.7118,lego,4,,3,June
8.7,2.7409,0.9856,0.7118,lego,5,,3,June
13,2.7153,0.9856,0.7118,lego,6,,3,June
16.7,2.6827,0.9856,0.7118,lego,7,,3,June
18.5,2.661,0.9856,0.7118,lego,8,,3,June
21.3,2.6069,0.9856,0.7118,lego,9,,3,June
23,2.5625,0.9856,0.7118,lego,10,,3,June
25.5,2.4596,0.9856,0.7118,lego,11,,3,June
0.8,3.5974,0.9528,1.0415,lego,1,,4,June
1.4,3.5886,0.9528,1.0415,lego,2,,4,June
2.2,3.563,0.9528,1.0415,lego,3,,4,June
4.3,3.5443,0.9528,1.0415,lego,4,,4,June
5.8,3.5252,0.9528,1.0415,lego,5,,4,June
8.3,3.494,0.9528,1.0415,lego,6,,4,June
13.2,3.4365,0.9528,1.0415,lego,7,,4,June
15.9,3.3864,0.9528,1.0415,lego,8,,4,June
17.8,3.3112,0.9528,1.0415,lego,9,,4,June
20.1,3.1818,0.9528,1.0415,lego,10,,4,June
21.8,3.1168,0.9528,1.0415,lego,11,,4,June
22.6,3.0961,0.9528,1.0415,lego,12,,4,June
0.4,7.1945,5.6756,0.6001,tt,1,,1,June
2.9,7.181,5.6756,0.6001,tt,2,,1,June
8.1,7.1638,5.6756,0.6001,tt,3,,1,June
10.8,7.1533,5.6756,0.6001,tt,4,,1,June
14.9,7.1177,5.6756,0.6001,tt,5,,1,June
16.9,7.0939,5.6756,0.6001,tt,6,,1,June
17.8,7.0681,5.6756,0.6001,tt,7,,1,June
18.7,7.0681,5.6756,0.6001,tt,8,,1,June
20.9,7.016,5.6756,0.6001,tt,9,,1,June
22.2,6.9772,5.6756,0.6001,tt,10,,1,June
24,6.9237,5.6756,0.6001,tt,11,,1,June
25,6.9178,5.6756,0.6001,tt,12,,1,June
0.45,6.7581,5.5986,0.4707,tt,1,,2,June
4.6,6.7449,5.5986,0.4707,tt,2,,2,June
9.1,6.7316,5.5986,0.4707,tt,3,,2,June
11.7,6.7259,5.5986,0.4707,tt,4,,2,June
16.4,6.7147,5.5986,0.4707,tt,5,,2,June
18.6,6.7034,5.5986,0.4707,tt,6,,2,June
19.8,6.6846,5.5986,0.4707,tt,7,,2,June
21.2,6.658,5.5986,0.4707,tt,8,,2,June
24.2,6.6143,5.5986,0.4707,tt,9,,2,June
27.5,6.5814,5.5986,0.4707,tt,10,,2,June
31.9,6.55,5.5986,0.4707,tt,11,,2,June
0.45,6.9543,5.5589,0.5651,tt,1,,3,June
3.7,6.965,5.5589,0.5651,tt,2,,3,June
6.4,6.9592,5.5589,0.5651,tt,3,,3,June
9,6.9175,5.5589,0.5651,tt,4,,3,June
12.5,6.9092,5.5589,0.5651,tt,5,,3,June
15.5,6.8986,5.5589,0.5651,tt,6,,3,June
18.7,6.883,5.5589,0.5651,tt,7,,3,June
19.8,6.8662,5.5589,0.5651,tt,8,,3,June
21.9,6.8304,5.5589,0.5651,tt,9,,3,June
23,6.7927,5.5589,0.5651,tt,10,,3,June
25.6,6.7408,5.5589,0.5651,tt,11,,3,June
26.5,6.7294,5.5589,0.5651,tt,12,,3,June
0.1,6.5964,5.526,0.4539,tt,1,,4,June
5,6.5824,5.526,0.4539,tt,2,,4,June
7.4,6.5749,5.526,0.4539,tt,3,,4,June
9.7,6.569,5.526,0.4539,tt,4,,4,June
17,6.5536,5.526,0.4539,tt,5,,4,June
17.6,6.548,5.526,0.4539,tt,6,,4,June
18.1,6.5369,5.526,0.4539,tt,7,,4,June
19,6.5239,5.526,0.4539,tt,8,,4,June
20.2,6.5023,5.526,0.4539,tt,9,,4,June
22,6.4797,5.526,0.4539,tt,10,,4,June
24.6,6.4446,5.526,0.4539,tt,11,,4,June
26.3,6.4369,5.526,0.4539,tt,12,,4,June
1.4,1.365,0.9356,0.1628,termi,1,,1,June
5.9,1.3569,0.9356,0.1628,termi,2,,1,June
7.1,1.3547,0.9356,0.1628,termi,3,,1,June
11.5,1.3474,0.9356,0.1628,termi,4,,1,June
13,1.3424,0.9356,0.1628,termi,5,,1,June
15,1.3359,0.9356,0.1628,termi,6,,1,June
16.9,1.3206,0.9356,0.1628,termi,7,,1,June
18,1.3109,0.9356,0.1628,termi,8,,1,June
19.7,1.2938,0.9356,0.1628,termi,9,,1,June
20.8,1.2881,0.9356,0.1628,termi,10,,1,June
23.4,1.2737,0.9356,0.1628,termi,11,,1,June
2,2.3941,0.9412,0.6243,termi,1,,2,June
5.1,2.3797,0.9412,0.6243,termi,2,,2,June
7.4,2.3747,0.9412,0.6243,termi,3,,2,June
9.3,2.3658,0.9412,0.6243,termi,4,,2,June
12.4,2.3533,0.9412,0.6243,termi,5,,2,June
14,2.346,0.9412,0.6243,termi,6,,2,June
17.1,2.33,0.9412,0.6243,termi,7,,2,June
19.8,2.2903,0.9412,0.6243,termi,8,,2,June
23.8,2.2064,0.9412,0.6243,termi,9,,2,June
25,2.1877,0.9412,0.6243,termi,10,,2,June
1.8,2.645,0.9342,0.6914,termi,1,,3,June
4.3,2.6332,0.9342,0.6914,termi,2,,3,June
5.7,2.6312,0.9342,0.6914,termi,3,,3,June
7,2.6239,0.9342,0.6914,termi,4,,3,June
11.4,2.6045,0.9342,0.6914,termi,5,,3,June
13.7,2.5971,0.9342,0.6914,termi,6,,3,June
17.4,2.5681,0.9342,0.6914,termi,7,,3,June
19.5,2.5381,0.9342,0.6914,termi,8,,3,June
22.5,2.4483,0.9342,0.6914,termi,9,,3,June
24,2.4279,0.9342,0.6914,termi,10,,3,June
2.2,1.8871,0.9542,0.3925,termi,1,,4,June
6.5,1.8741,0.9542,0.3925,termi,2,,4,June
9.8,1.869,0.9542,0.3925,termi,3,,4,June
11.8,1.8606,0.9542,0.3925,termi,4,,4,June
13.9,1.8542,0.9542,0.3925,termi,5,,4,June
15,1.8492,0.9542,0.3925,termi,6,,4,June
17,1.8317,0.9542,0.3925,termi,7,,4,June
18.3,1.8148,0.9542,0.3925,termi,8,,4,June
21.8,1.7588,0.9542,0.3925,termi,9,,4,June
23.8,1.7419,0.9542,0.3925,termi,10,,4,June
5.7,2.0011,0.9303,0.4799,clil,1,,1,June
8.8,1.9946,0.9303,0.4799,clil,2,,1,June
10.5,1.9906,0.9303,0.4799,clil,3,,1,June
12.2,1.9878,0.9303,0.4799,clil,4,,1,June
14.9,1.9789,0.9303,0.4799,clil,5,,1,June
19.2,1.9679,0.9303,0.4799,clil,6,,1,June
22.1,1.9576,0.9303,0.4799,clil,7,,1,June
26.4,1.9357,0.9303,0.4799,clil,8,,1,June
27.6,1.9281,0.9303,0.4799,clil,9,,1,June
29.2,1.9169,0.9303,0.4799,clil,10,,1,June
31.9,1.887,0.9303,0.4799,clil,11,,1,June
7.4,1.7995,0.9313,0.3413,clil,1,,2,June
9.6,1.7869,0.9313,0.3413,clil,2,,2,June
11.3,1.7826,0.9313,0.3413,clil,3,,2,June
13.1,1.7796,0.9313,0.3413,clil,4,,2,June
15,1.7715,0.9313,0.3413,clil,5,,2,June
16.6,1.767,0.9313,0.3413,clil,6,,2,June
18.3,1.7627,0.9313,0.3413,clil,7,,2,June
19.9,1.7524,0.9313,0.3413,clil,8,,2,June
22.1,1.7392,0.9313,0.3413,clil,9,,2,June
24.2,1.7287,0.9313,0.3413,clil,10,,2,June
26.1,1.7193,0.9313,0.3413,clil,11,,2,June
27.2,1.7091,0.9313,0.3413,clil,12,,2,June
29,1.6926,0.9313,0.3413,clil,13,,2,June
31.1,1.667,0.9313,0.3413,clil,14,,2,June
5.3,2.093,0.9876,0.3863,clil,1,,3,June
7.3,2.0866,0.9876,0.3863,clil,2,,3,June
9.5,2.0823,0.9876,0.3863,clil,3,,3,June
11.9,2.0717,0.9876,0.3863,clil,4,,3,June
12.3,2.0684,0.9876,0.3863,clil,5,,3,June
15.5,2.0569,0.9876,0.3863,clil,6,,3,June
17.5,2.0396,0.9876,0.3863,clil,7,,3,June
20.6,2.0089,0.9876,0.3863,clil,8,,3,June
22.1,1.9863,0.9876,0.3863,clil,9,,3,June
24.3,1.9313,0.9876,0.3863,clil,10,,3,June
26.7,1.8727,0.9876,0.3863,clil,11,,3,June
28.7,1.83,0.9876,0.3863,clil,12,,3,June
29,1.8054,0.9876,0.3863,clil,13,,3,June
10.9,2.1723,0.9681,0.4999,clil,1,,4,June
12.1,2.1708,0.9681,0.4999,clil,2,,4,June
13,2.1691,0.9681,0.4999,clil,3,,4,June
15.9,2.1605,0.9681,0.4999,clil,4,,4,June
17,2.1581,0.9681,0.4999,clil,5,,4,June
21.8,2.1317,0.9681,0.4999,clil,6,,4,June
23.9,2.1159,0.9681,0.4999,clil,7,,4,June
25.6,2.0931,0.9681,0.4999,clil,8,,4,June
27.3,2.0686,0.9681,0.4999,clil,9,,4,June
29,2.042,0.9681,0.4999,clil,10,,4,June
31.3,1.9908,0.9681,0.4999,clil,11,,4,June
7.4,2.2589,0.996,0.5256,clil,1,,5,June
8.5,2.2552,0.996,0.5256,clil,2,,5,June
9.7,2.2441,0.996,0.5256,clil,3,,5,June
12,2.2354,0.996,0.5256,clil,4,,5,June
13.8,2.2286,0.996,0.5256,clil,5,,5,June
15.7,2.2227,0.996,0.5256,clil,6,,5,June
18.6,2.2049,0.996,0.5256,clil,7,,5,June
21.6,2.1882,0.996,0.5256,clil,8,,5,June
24.3,2.1666,0.996,0.5256,clil,9,,5,June
25.8,2.1426,0.996,0.5256,clil,10,,5,June
27.6,2.1151,0.996,0.5256,clil,11,,5,June
29,2.0846,0.996,0.5256,clil,12,,5,June
8.87,5.2961,3.4553,0.8345,check,1,,1,June
11.79,5.28727,3.4553,0.8345,check,2,,1,June
16.04,5.2771,3.4553,0.8345,check,3,,1,June
18.28,5.26778,3.4553,0.8345,check,4,,1,June
20.64,5.2584,3.4553,0.8345,check,5,,1,June
23.34,5.246,3.4553,0.8345,check,6,,1,June
24.5,5.2366,3.4553,0.8345,check,7,,1,June
27.3,5.22483,3.4553,0.8345,check,8,,1,June
29.19,5.2114,3.4553,0.8345,check,9,,1,June
30.74,5.19504,3.4553,0.8345,check,10,,1,June
2.3,9.8033,5.6169,1.2342,grape,1,,1,June
3.4,9.765,5.6169,1.2342,grape,2,,1,June
5.5,9.7176,5.6169,1.2342,grape,3,,1,June
6,9.7005,5.6169,1.2342,grape,4,,1,June
6.4,9.6769,5.6169,1.2342,grape,5,,1,June
7.1,9.6651,5.6169,1.2342,grape,6,,1,June
10.8,9.5806,5.6169,1.2342,grape,7,,1,June
11.9,9.5568,5.6169,1.2342,grape,8,,1,June
12.5,9.5242,5.6169,1.2342,grape,9,,1,June
14.6,9.43,5.6169,1.2342,grape,10,,1,June
17.1,9.3171,5.6169,1.2342,grape,11,,1,June
1.9,8.3751,5.6753,0.9057,grape,1,,2,June
3.9,8.3481,5.6753,0.9057,grape,2,,2,June
4.6,8.3466,5.6753,0.9057,grape,3,,2,June
5.7,8.3324,5.6753,0.9057,grape,4,,2,June
6.8,8.3224,5.6753,0.9057,grape,5,,2,June
8.4,8.3035,5.6753,0.9057,grape,6,,2,June
11,8.2807,5.6753,0.9057,grape,7,,2,June
12.3,8.2615,5.6753,0.9057,grape,8,,2,June
13.2,8.2343,5.6753,0.9057,grape,9,,2,June
14.8,8.1867,5.6753,0.9057,grape,10,,2,June
16.2,8.1739,5.6753,0.9057,grape,11,,2,June
1.7,8.0767,5.5292,0.7756,grape,1,,3,June
4.5,8.0519,5.5292,0.7756,grape,2,,3,June
5.6,8.0449,5.5292,0.7756,grape,3,,3,June
7.3,8.0248,5.5292,0.7756,grape,4,,3,June
8.7,8.0059,5.5292,0.7756,grape,5,,3,June
11.2,7.9859,5.5292,0.7756,grape,6,,3,June
12.3,7.9606,5.5292,0.7756,grape,7,,3,June
13.6,7.9377,5.5292,0.7756,grape,8,,3,June
15.7,7.9003,5.5292,0.7756,grape,9,,3,June
16.5,7.8724,5.5292,0.7756,grape,10,,3,June
17.9,7.8305,5.5292,0.7756,grape,11,,3,June
2.3,8.4492,5.5542,0.87682,grape,1,,4,June
7.2,8.3928,5.5542,0.87682,grape,2,,4,June
8.1,8.3715,5.5542,0.87682,grape,3,,4,June
9.2,8.3505,5.5542,0.87682,grape,4,,4,June
10.9,8.3349,5.5542,0.87682,grape,5,,4,June
12.6,8.3096,5.5542,0.87682,grape,6,,4,June
13.5,8.2934,5.5542,0.87682,grape,7,,4,June
14.5,8.2573,5.5542,0.87682,grape,8,,4,June
16.8,8.2028,5.5542,0.87682,grape,9,,4,June
18.5,8.1529,5.5542,0.87682,grape,10,,4,June
2.1,9.4601,5.6766,1.1443,grape,1,,5,June
5.3,9.426,5.6766,1.1443,grape,2,,5,June
6,9.4165,5.6766,1.1443,grape,3,,5,June
7.4,9.3882,5.6766,1.1443,grape,4,,5,June
9.4,9.367,5.6766,1.1443,grape,5,,5,June
11.3,9.3424,5.6766,1.1443,grape,6,,5,June
12.8,9.3047,5.6766,1.1443,grape,7,,5,June
15,9.2439,5.6766,1.1443,grape,8,,5,June
17.3,9.1602,5.6766,1.1443,grape,9,,5,June
19.3,9.0824,5.6766,1.1443,grape,10,,5,June
1.4,1.9369,0.9,0.4309,pear,1,,1,July
14.9,1.9178,0.9,0.4309,pear,2,,1,July
25.9,1.8976,0.9,0.4309,pear,3,,1,July
29.5,1.8903,0.9,0.4309,pear,4,,1,July
33.2,1.8825,0.9,0.4309,pear,5,,1,July
43,1.8646,0.9,0.4309,pear,6,,1,July
,,0.9,0.4309,pear,7,,1,July
,,0.9,0.4309,pear,8,,1,July
,,0.9,0.4309,pear,9,,1,July
,,0.9,0.4309,pear,10,,1,July
2,2.271,0.9,0.6052,pear,1,,2,July
12.4,2.2473,0.9,0.6052,pear,2,,2,July
28.9,2.214,0.9,0.6052,pear,3,,2,July
31.9,2.2093,0.9,0.6052,pear,4,,2,July
33.9,2.2015,0.9,0.6052,pear,5,,2,July
37.4,2.1923,0.9,0.6052,pear,6,,2,July
40.7,2.1865,0.9,0.6052,pear,7,,2,July
40.8,2.1803,0.9,0.6052,pear,8,,2,July
46,2.1564,0.9,0.6052,pear,9,,2,July
,,0.9,0.6052,pear,10,,2,July
0.9,2.2644,0.9,0.5834,pear,1,,3,July
6.6,2.2452,0.9,0.5834,pear,2,,3,July
14.4,2.2238,0.9,0.5834,pear,3,,3,July
20.2,2.2086,0.9,0.5834,pear,4,,3,July
23.1,2.1989,0.9,0.5834,pear,5,,3,July
25.5,2.1943,0.9,0.5834,pear,6,,3,July
28.7,2.1868,0.9,0.5834,pear,7,,3,July
31,2.179,0.9,0.5834,pear,8,,3,July
36.8,2.1627,0.9,0.5834,pear,9,,3,July
41.5,2.1476,0.9,0.5834,pear,10,,3,July
48,2.137,0.9,0.5834,pear,11,,3,July
2,2.934,0.9,0.9164,pear,1,,4,July
9.4,2.9069,0.9,0.9164,pear,2,,4,July
21.5,2.8705,0.9,0.9164,pear,3,,4,July
24,2.8629,0.9,0.9164,pear,4,,4,July
24.8,2.8569,0.9,0.9164,pear,5,,4,July
26.3,2.8456,0.9,0.9164,pear,6,,4,July
29.7,2.8331,0.9,0.9164,pear,7,,4,July
31.5,2.8246,0.9,0.9164,pear,8,,4,July
38.2,2.794,0.9,0.9164,pear,9,,4,July
51.3,2.7532,0.9,0.9164,pear,10,,4,July
57.9,2.7535,0.9,0.9164,pear,11,,4,July
1,2.1932,0.4622,0.5,eiz,1,,1,July
2.8,2.1827,0.4622,0.5,eiz,2,,1,July
6.8,2.1583,0.4622,0.5,eiz,3,,1,July
15,2.12,0.4622,0.5,eiz,4,,1,July
20,2.1,0.4622,0.5,eiz,5,,1,July
23.9,2.0802,0.4622,0.5,eiz,6,,1,July
24.4,2.072,0.4622,0.5,eiz,7,,1,July
26.5,2.0563,0.4622,0.5,eiz,8,,1,July
28,2.0354,0.4622,0.5,eiz,9,,1,July
30.4,2.0143,0.4622,0.5,eiz,10,,1,July
32.7,1.9911,0.4622,0.5,eiz,11,,1,July
1.9,2.0648,0.9916,,tt,1,,1,September
3.2,2.0575,0.9916,,tt,2,,1,September
12.5,2.0376,0.9916,,tt,3,,1,September
15.1,2.0342,0.9916,,tt,4,,1,September
16.7,2.0314,0.9916,,tt,5,,1,September
17.2,2.029,0.9916,,tt,6,,1,September
17.6,2.0096,0.9916,,tt,7,,1,September
18.7,1.9931,0.9916,,tt,8,,1,September
20.1,1.9624,0.9916,,tt,9,,1,September
21.7,1.9366,0.9916,,tt,10,,1,September
22.3,1.9168,0.9916,,tt,11,,1,September
24.1,1.8914,0.9916,,tt,12,,1,September
1.4,2.0474,0.9198,,tt,1,,2,September
3.8,2.0383,0.9198,,tt,2,,2,September
13.3,2.0178,0.9198,,tt,3,,2,September
13.9,2.0142,0.9198,,tt,4,,2,September
17,2.0091,0.9198,,tt,5,,2,September
17.7,2.0069,0.9198,,tt,6,,2,September
18.6,1.9994,0.9198,,tt,7,,2,September
20.4,1.9674,0.9198,,tt,8,,2,September
21.3,1.9433,0.9198,,tt,9,,2,September
22.4,1.916,0.9198,,tt,10,,2,September
23,1.8993,0.9198,,tt,11,,2,September
6.8,2.0482,1.0006,,tt,1,,3,September
13.3,2.0398,1.0006,,tt,2,,3,September
15.8,2.0359,1.0006,,tt,3,,3,September
17.7,2.033,1.0006,,tt,4,,3,September
18.8,2.0301,1.0006,,tt,5,,3,September
19.4,2.0258,1.0006,,tt,6,,3,September
20.3,2.0227,1.0006,,tt,7,,3,September
20.5,2.0192,1.0006,,tt,8,,3,September
22.5,1.9779,1.0006,,tt,9,,3,September
24.4,1.9443,1.0006,,tt,10,,3,September
26,1.9176,1.0006,,tt,11,,3,September
27.5,1.898,1.0006,,tt,12,,3,September
3.4,2,0.9315,,tt,1,,4,September
9,1.9977,0.9315,,tt,2,,4,September
11.1,1.993,0.9315,,tt,3,,4,September
13,1.985,0.9315,,tt,4,,4,September
16.7,1.9811,0.9315,,tt,5,,4,September
16.9,1.9795,0.9315,,tt,6,,4,September
19.9,1.967,0.9315,,tt,7,,4,September
22.1,1.9444,0.9315,,tt,8,,4,September
23.6,1.918,0.9315,,tt,9,,4,September
25.3,1.881,0.9315,,tt,10,,4,September
28.1,1.827,0.9315,,tt,11,,4,September
8.7,0.8663,0,,rim,1,,1,September
13,0.8179,0,,rim,2,,1,September
16.7,0.8035,0,,rim,3,,1,September
22.2,0.7918,0,,rim,4,,1,September
29.2,0.7744,0,,rim,5,,1,September
33.5,0.7622,0,,rim,6,,1,September
36,0.7383,0,,rim,7,,1,September
41,0.7072,0,,rim,8,,1,September
45.3,0.6875,0,,rim,9,,1,September
46.7,0.6752,0,,rim,10,,1,September
8.7,1.5059,0,,rim,1,,2,September
13.6,1.495,0,,rim,2,,2,September
17.6,1.4828,0,,rim,3,,2,September
23.5,1.4647,0,,rim,4,,2,September
31.5,1.4328,0,,rim,5,,2,September
37.8,1.3489,0,,rim,6,,2,September
44.2,1.2916,0,,rim,7,,2,September
47,1.2579,0,,rim,8,,2,September
48.7,1.2391,0,,rim,9,,2,September
7,1.6629,0,,rim,1,,3,September
13,1.6473,0,,rim,2,,3,September
16.7,1.627,0,,rim,3,,3,September
27,1.5979,0,,rim,4,,3,September
31.1,1.5682,0,,rim,5,,3,September
32.8,1.5454,0,,rim,6,,3,September
34.5,1.5194,0,,rim,7,,3,September
39.7,1.4709,0,,rim,8,,3,September
41.2,1.4384,0,,rim,9,,3,September
41.7,1.4177,0,,rim,10,,3,September
16,1.0294,0,,rim,1,,4,September
19.6,1.0222,0,,rim,2,,4,September
25,1.0069,0,,rim,3,,4,September
28.4,0.999,0,,rim,4,,4,September
31.7,0.9862,0,,rim,5,,4,September
35.3,0.9579,0,,rim,6,,4,September
37.2,0.94,0,,rim,7,,4,September
38.8,0.9293,0,,rim,8,,4,September
1.3,2.4766,0.9966,,clil,1,,1,September
2.9,2.4723,0.9966,,clil,2,,1,September
4.2,2.4652,0.9966,,clil,3,,1,September
5.7,2.4547,0.9966,,clil,4,,1,September
7.8,2.4447,0.9966,,clil,5,,1,September
10.3,2.4352,0.9966,,clil,6,,1,September
12.7,2.4251,0.9966,,clil,7,,1,September
14.7,2.4154,0.9966,,clil,8,,1,September
16.1,2.4068,0.9966,,clil,9,,1,September
18,2.3982,0.9966,,clil,10,,1,September
19,2.3891,0.9966,,clil,11,,1,September
20.9,2.3782,0.9966,,clil,12,,1,September
21.8,2.3675,0.9966,,clil,13,,1,September
23.2,2.3537,0.9966,,clil,14,,1,September
23.7,2.3447,0.9966,,clil,15,,1,September
25.4,2.3194,0.9966,,clil,16,,1,September
26.8,2.2911,0.9966,,clil,17,,1,September
28.4,2.2515,0.9966,,clil,18,,1,September
1.6,2.283,0.9431,,clil,1,,2,September
3.5,2.2767,0.9431,,clil,2,,2,September
5.4,2.2688,0.9431,,clil,3,,2,September
8.7,2.2592,0.9431,,clil,4,,2,September
12.5,2.2502,0.9431,,clil,5,,2,September
16.8,2.2395,0.9431,,clil,6,,2,September
19,2.2303,0.9431,,clil,7,,2,September
20.8,2.2204,0.9431,,clil,8,,2,September
24.4,2.2056,0.9431,,clil,9,,2,September
26.3,2.1942,0.9431,,clil,10,,2,September
28.5,2.1685,0.9431,,clil,11,,2,September
30.6,2.1379,0.9431,,clil,12,,2,September
32.7,2.1035,0.9431,,clil,13,,2,September
33.4,2.0805,0.9431,,clil,14,,2,September
1.2,1.7786,1.0051,,clil,1,,3,September
2.4,1.7734,1.0051,,clil,2,,3,September
6.1,1.7657,1.0051,,clil,3,,3,September
10.6,1.7603,1.0051,,clil,4,,3,September
13,1.7565,1.0051,,clil,5,,3,September
15.4,1.7514,1.0051,,clil,6,,3,September
18.1,1.7468,1.0051,,clil,7,,3,September
21.5,1.7398,1.0051,,clil,8,,3,September
25.2,1.7322,1.0051,,clil,9,,3,September
26.8,1.7263,1.0051,,clil,10,,3,September
30.7,1.7063,1.0051,,clil,11,,3,September
33.5,1.6879,1.0051,,clil,12,,3,September
35.2,1.6718,1.0051,,clil,13,,3,September
37.2,1.653,1.0051,,clil,14,,3,September
2,1.9515,0.9334,,clil,1,,4,September
3.8,1.9457,0.9334,,clil,2,,4,September
5.4,1.9388,0.9334,,clil,3,,4,September
8.5,1.9289,0.9334,,clil,4,,4,September
12,1.9218,0.9334,,clil,5,,4,September
14.6,1.913,0.9334,,clil,6,,4,September
16.2,1.9056,0.9334,,clil,7,,4,September
18,1.8975,0.9334,,clil,8,,4,September
20.7,1.8749,0.9334,,clil,9,,4,September
21.3,1.8624,0.9334,,clil,10,,4,September
22.1,1.8496,0.9334,,clil,11,,4,September
22.5,1.8326,0.9334,,clil,12,,4,September
24.7,1.797,0.9334,,clil,13,,4,September
26.8,1.7645,0.9334,,clil,14,,4,September
28.8,1.7365,0.9334,,clil,15,,4,September
31.1,1.7078,0.9334,,clil,16,,4,September
1.6,1.7284,,,eiz,1,,1,September
2.4,1.7247,,,eiz,2,,1,September
4.6,1.7179,,,eiz,3,,1,September
6.2,1.7124,,,eiz,4,,1,September
7.4,1.7073,,,eiz,5,,1,September
11,1.6984,,,eiz,6,,1,September
13.8,1.6902,,,eiz,7,,1,September
18.5,1.6813,,,eiz,8,,1,September
23.5,1.6663,,,eiz,9,,1,September
28.7,1.6492,,,eiz,10,,1,September
30.3,1.639,,,eiz,11,,1,September
31.1,1.6312,,,eiz,12,,1,September
32.7,1.6205,,,eiz,13,,1,September
35.1,1.6058,,,eiz,14,,1,September
1.2,1.9625,,,eiz,1,,2,September
3.2,1.9514,,,eiz,2,,2,September
4.5,1.9429,,,eiz,3,,2,September
6.5,1.9336,,,eiz,4,,2,September
10,1.9191,,,eiz,5,,2,September
14.5,1.9053,,,eiz,6,,2,September
18.1,1.895,,,eiz,7,,2,September
22.2,1.8756,,,eiz,8,,2,September
26.6,1.854,,,eiz,9,,2,September
28.3,1.8402,,,eiz,10,,2,September
29.4,1.8287,,,eiz,11,,2,September
30.6,1.8144,,,eiz,12,,2,September
33,1.7968,,,eiz,13,,2,September
1,1.9507,,,eiz,1,,3,September
1.7,1.9474,,,eiz,2,,3,September
2.8,1.9413,,,eiz,3,,3,September
1.7,1.9335,,,eiz,4,,3,September
2.4,1.9296,,,eiz,5,,3,September
3.8,1.9212,,,eiz,6,,3,September
5.3,1.9143,,,eiz,7,,3,September
17.8,1.8765,,,eiz,8,,3,September
19.7,1.8681,,,eiz,9,,3,September
23,1.8581,,,eiz,10,,3,September
27.7,1.8365,,,eiz,11,,3,September
30.5,1.8224,,,eiz,12,,3,September
31.4,1.8125,,,eiz,13,,3,September
33,1.7956,,,eiz,14,,3,September
35.2,1.7805,,,eiz,15,,3,September
35.8,1.7728,,,eiz,16,,3,September
2.6,1.745,,,eiz,1,,4,September
5.4,1.7316,,,eiz,2,,4,September
6.7,1.7259,,,eiz,3,,4,September
8.8,1.7165,,,eiz,4,,4,September
11,1.7087,,,eiz,5,,4,September
13.3,1.7017,,,eiz,6,,4,September
17.9,1.6905,,,eiz,7,,4,September
21.4,1.6763,,,eiz,8,,4,September
29.4,1.6417,,,eiz,9,,4,September
30.5,1.6317,,,eiz,10,,4,September
35.7,1.6138,,,eiz,11,,4,September
37.2,1.6084,,,eiz,12,,4,September
41.5,1.5967,,,eiz,13,,4,September
4.5,3.8504,,,termi,1,,1,September
5.8,3.849,,,termi,2,,1,September
9.1,3.8434,,,termi,3,,1,September
10.1,3.8387,,,termi,4,,1,September
11.1,3.8342,,,termi,5,,1,September
12.5,3.8288,,,termi,6,,1,September
13.5,3.8226,,,termi,7,,1,September
14.5,3.8165,,,termi,8,,1,September
14.7,3.8024,,,termi,9,,1,September
15.5,3.7955,,,termi,10,,1,September
16.4,3.7839,,,termi,11,,1,September
17.1,3.773,,,termi,12,,1,September
18.6,3.7427,,,termi,13,,1,September
2.3,2.6987,,,termi,1,,2,September
3,2.6971,,,termi,2,,2,September
9.6,2.6888,,,termi,3,,2,September
11.6,2.6847,,,termi,4,,2,September
13.5,2.6806,,,termi,5,,2,September
14.4,2.6756,,,termi,6,,2,September
15.5,2.6686,,,termi,7,,2,September
15.9,2.6602,,,termi,8,,2,September
16.5,2.6535,,,termi,9,,2,September
17.8,2.6454,,,termi,10,,2,September
7.2,2.0241,,,termi,1,,3,September
7.8,2.0225,,,termi,2,,3,September
10.5,2.0199,,,termi,3,,3,September
12.4,2.0176,,,termi,4,,3,September
14.3,2.0147,,,termi,5,,3,September
16,2.0118,,,termi,6,,3,September
17.1,2.0088,,,termi,7,,3,September
18.4,2.006,,,termi,8,,3,September
19.4,2.0016,,,termi,9,,3,September
20.2,1.9938,,,termi,10,,3,September
21,1.9824,,,termi,11,,3,September
22,1.9793,,,termi,12,,3,September
22.8,1.966,,,termi,13,,3,September
9,2.4001,,,termi,1,,4,September
10.7,2.3976,,,termi,2,,4,September
12.2,2.3953,,,termi,3,,4,September
14,2.3926,,,termi,4,,4,September
15.1,2.389,,,termi,5,,4,September
16.4,2.3855,,,termi,6,,4,September
16.9,2.3819,,,termi,7,,4,September
17.5,2.3768,,,termi,8,,4,September
18.1,2.3706,,,termi,9,,4,September
18.7,2.357,,,termi,10,,4,September
19.7,2.3436,,,termi,11,,4,September
0.7,1.8425,,,tt,1,,5,September
2.6,1.8407,,,tt,2,,5,September
4.7,1.8376,,,tt,3,,5,September
9.2,1.8348,,,tt,4,,5,September
12.1,1.8314,,,tt,5,,5,September
13.7,1.8287,,,tt,6,,5,September
15.9,1.8249,,,tt,7,,5,September
16.2,1.818,,,tt,8,,5,September
18.2,1.8077,,,tt,9,,5,September
18.7,1.8025,,,tt,10,,5,September
25.4,1.7722,,,tt,11,,5,September
27.6,1.7352,,,tt,12,,5,September
6.6,2.2712,,,tt,1,,6,September
6.8,2.2684,,,tt,2,,6,September
13.2,2.2633,,,tt,3,,6,September
14.7,2.26,,,tt,4,,6,September
17.2,2.2569,,,tt,5,,6,September
18.1,2.2525,,,tt,6,,6,September
18.8,2.2479,,,tt,7,,6,September
19.4,2.2433,,,tt,8,,6,September
19.8,2.2357,,,tt,9,,6,September
0.3,1.6134,,,tt,1,,7,September
4.2,1.6107,,,tt,2,,7,September
7.6,1.6077,,,tt,3,,7,September
12.2,1.605,,,tt,4,,7,September
15.3,1.6019,,,tt,5,,7,September
18,1.5989,,,tt,6,,7,September
20.5,1.5943,,,tt,7,,7,September
21.3,1.589,,,tt,8,,7,September
22.6,1.5798,,,tt,9,,7,September
25.4,1.5654,,,tt,10,,7,September
26.6,1.5514,,,tt,11,,7,September
0.4,2.1066,,,tt,1,,8,September
3.5,2.103,,,tt,2,,8,September
5.1,2.1003,,,tt,3,,8,September
8.6,2.096,,,tt,4,,8,September
11.2,2.0932,,,tt,5,,8,September
13.6,2.0885,,,tt,6,,8,September
15,2.0833,,,tt,7,,8,September
16.2,2.0778,,,tt,8,,8,September
19.8,2.0666,,,tt,9,,8,September
21.6,2.0448,,,tt,10,,8,September
23.3,2.02,,,tt,11,,8,September
23.9,2.0093,,,tt,12,,8,September
0.3,6.8628,5.6897,,pana,1,,1,September
1.5,6.8542,5.6897,,pana,2,,1,September
3.5,6.8494,5.6897,,pana,3,,1,September
8.1,6.8405,5.6897,,pana,4,,1,September
17.1,6.8239,5.6897,,pana,5,,1,September
17.9,6.8135,5.6897,,pana,6,,1,September
23.8,6.7961,5.6897,,pana,7,,1,September
25.6,6.7781,5.6897,,pana,8,,1,September
26.7,6.7637,5.6897,,pana,9,,1,September
29.6,6.7501,5.6897,,pana,10,,1,September
33.7,6.7366,5.6897,,pana,11,,1,September
0.6,5.7556,3.3574,,pana,1,,2,September
1.3,5.7498,3.3574,,pana,2,,2,September
1.9,5.7444,3.3574,,pana,3,,2,September
3.2,5.7379,3.3574,,pana,4,,2,September
4.2,5.7309,3.3574,,pana,5,,2,September
5.4,5.7237,3.3574,,pana,6,,2,September
8.4,5.7108,3.3574,,pana,7,,2,September
11.4,5.6962,3.3574,,pana,8,,2,September
17.1,5.6788,3.3574,,pana,9,,2,September
17.8,5.6695,3.3574,,pana,10,,2,September
19,5.6557,3.3574,,pana,11,,2,September
19.5,5.6379,3.3574,,pana,12,,2,September
20.2,5.6233,3.3574,,pana,13,,2,September
21.2,5.605,3.3574,,pana,14,,2,September
0.8,2.5535,0.9803,,eiz,1,,5,September
1,2.5497,0.9803,,eiz,2,,5,September
1.2,2.5433,0.9803,,eiz,3,,5,September
1.5,2.5371,0.9803,,eiz,4,,5,September
1.8,2.524,0.9803,,eiz,5,,5,September
2,2.5051,0.9803,,eiz,6,,5,September
2.7,2.4889,0.9803,,eiz,7,,5,September
7.5,2.4443,0.9803,,eiz,8,,5,September
12.1,2.4321,0.9803,,eiz,9,,5,September
13.6,2.426,0.9803,,eiz,10,,5,September
15.3,2.4156,0.9803,,eiz,11,,5,September
18.1,2.406,0.9803,,eiz,12,,5,September
19.6,2.3861,0.9803,,eiz,13,,5,September
21.3,2.3704,0.9803,,eiz,14,,5,September
22.3,2.3518,0.9803,,eiz,15,,5,September
25.2,2.3258,0.9803,,eiz,16,,5,September
0.2,6.7863,5.6746,,pana,1,,4,September
1.2,6.781,5.6746,,pana,2,,4,September
2,6.7788,5.6746,,pana,3,,4,September
5.1,6.7729,5.6746,,pana,4,,4,September
11.9,6.755,5.6746,,pana,5,,4,September
19.5,6.7405,5.6746,,pana,6,,4,September
20,6.7345,5.6746,,pana,7,,4,September
23,6.7146,5.6746,,pana,8,,4,September
24.5,6.6838,5.6746,,pana,9,,4,September
25.4,6.6694,5.6746,,pana,10,,4,September
27.7,6.6381,5.6746,,pana,11,,4,September
0.1,6.8724,5.686,,pana,1,,3,September
1.5,6.8667,5.686,,pana,2,,3,September
3,6.8612,5.686,,pana,3,,3,September
9,6.852,5.686,,pana,4,,3,September
15.4,6.8371,5.686,,pana,5,,3,September
16,6.8307,5.686,,pana,6,,3,September
18.2,6.821,5.686,,pana,7,,3,September
23.1,6.8017,5.686,,pana,8,,3,September
24.6,6.7874,5.686,,pana,9,,3,September
26,6.7738,5.686,,pana,10,,3,September
27.2,6.7579,5.686,,pana,11,,3,September
10.1,2.0399,0.9532,,maish,1,,1,September
10.8,2.0381,0.9532,,maish,2,,1,September
11.1,2.0361,0.9532,,maish,3,,1,September
12.7,2.0309,0.9532,,maish,4,,1,September
14.7,2.0242,0.9532,,maish,5,,1,September
17.1,2.0215,0.9532,,maish,6,,1,September
17.2,2.0187,0.9532,,maish,7,,1,September
19.9,2.0112,0.9532,,maish,8,,1,September
23,2.0084,0.9532,,maish,9,,1,September
24.6,1.9914,0.9532,,maish,10,,1,September
28.1,1.962,0.9532,,maish,11,,1,September
30.3,1.94,0.9532,,maish,12,,1,September
34.1,1.9016,0.9532,,maish,13,,1,September
2.7,7.6744,5.6856,,maish,1,,2,September
2.8,7.6536,5.6856,,maish,2,,2,September
4.9,7.6468,5.6856,,maish,3,,2,September
9.2,7.6343,5.6856,,maish,4,,2,September
15.2,7.6222,5.6856,,maish,5,,2,September
17.1,7.6103,5.6856,,maish,6,,2,September
19.4,7.6005,5.6856,,maish,7,,2,September
20.4,7.5888,5.6856,,maish,8,,2,September
23.1,7.5764,5.6856,,maish,9,,2,September
25.8,7.533,5.6856,,maish,10,,2,September
29.1,7.4615,5.6856,,maish,11,,2,September
6.8,2.1477,0.9351,,maish,1,,3,September
10.6,2.1461,0.9351,,maish,2,,3,September
11.6,2.1445,0.9351,,maish,3,,3,September
13,2.1435,0.9351,,maish,4,,3,September
14.2,2.1417,0.9351,,maish,5,,3,September
17,2.1381,0.9351,,maish,6,,3,September
19.1,2.1369,0.9351,,maish,7,,3,September
22,2.1335,0.9351,,maish,8,,3,September
23.9,2.1298,0.9351,,maish,9,,3,September
24.8,2.1241,0.9351,,maish,10,,3,September
26.5,2.1216,0.9351,,maish,11,,3,September
29.9,2.091,0.9351,,maish,12,,3,September
32.6,2.0685,0.9351,,maish,13,,3,September
37,2.023,0.9351,,maish,14,,3,September
5.8,1.8098,1.0005,,maish,1,,4,September
7.9,1.8084,1.0005,,maish,2,,4,September
9.7,1.8065,1.0005,,maish,3,,4,September
14.1,1.8023,1.0005,,maish,4,,4,September
15,1.8011,1.0005,,maish,5,,4,September
0,1.7981,1.0005,,maish,6,,4,September
20.7,1.7951,1.0005,,maish,7,,4,September
22.9,1.791,1.0005,,maish,8,,4,September
23.8,1.788,1.0005,,maish,9,,4,September
25.2,1.785,1.0005,,maish,10,,4,September
27.3,1.7708,1.0005,,maish,11,,4,September
28.5,1.7582,1.0005,,maish,12,,4,September
30,1.7359,1.0005,,maish,13,,4,September
3,11.9556,,,legos,1,,1,September
4.8,11.9155,,,legos,2,,1,September
7,11.8712,,,legos,3,,1,September
9,11.8358,,,legos,4,,1,September
13.7,11.7404,,,legos,5,,1,September
14.6,11.7042,,,legos,6,,1,September
16.9,11.6518,,,legos,7,,1,September
17.8,11.6249,,,legos,8,,1,September
19.3,11.5705,,,legos,9,,1,September
20,11.5265,,,legos,10,,1,September
20.8,11.483,,,legos,11,,1,September
23.1,11.3353,,,legos,12,,1,September
25,11.1875,,,legos,13,,1,September
28,11.0158,,,legos,14,,1,September
3.2,10.2561,,,legos,1,,2,September
4.6,10.2239,,,legos,2,,2,September
6.8,10.1992,,,legos,3,,2,September
9.6,10.1618,,,legos,4,,2,September
11.2,10.1349,,,legos,5,,2,September
12.9,10.1191,,,legos,6,,2,September
14.5,10.0855,,,legos,7,,2,September
16.6,10.0435,,,legos,8,,2,September
17.6,10.0107,,,legos,9,,2,September
19,9.9636,,,legos,10,,2,September
19.3,9.9409,,,legos,11,,2,September
20.8,9.869,,,legos,12,,2,September
22.2,9.7732,,,legos,13,,2,September
24.6,9.6571,,,legos,14,,2,September
3.4,7.7437,,,legos,1,,3,September
4.8,7.7318,,,legos,2,,3,September
6.7,7.709,,,legos,3,,3,September
10.7,7.6846,,,legos,4,,3,September
13.8,7.6687,,,legos,5,,3,September
16.1,7.6427,,,legos,6,,3,September
19,7.6185,,,legos,7,,3,September
21.2,7.5954,,,legos,8,,3,September
22.6,7.5653,,,legos,9,,3,September
23.5,7.5392,,,legos,10,,3,September
26.6,7.4804,,,legos,11,,3,September
32.4,7.3537,,,legos,12,,3,September
35.2,7.3099,,,legos,13,,3,September
37.6,7.2536,,,legos,14,,3,September
3.5,9.6524,,,legos,1,,4,September
4.9,9.6426,,,legos,2,,4,September
6.4,9.6087,,,legos,3,,4,September
9,9.5685,,,legos,4,,4,September
12.4,9.5215,,,legos,5,,4,September
14.4,9.4894,,,legos,6,,4,September
15.8,9.4593,,,legos,7,,4,September
17.5,9.4277,,,legos,8,,4,September
18.3,9.3909,,,legos,9,,4,September
18.9,9.3662,,,legos,10,,4,September
20.9,9.2729,,,legos,11,,4,September
22.1,9.1701,,,legos,12,,4,September
26.5,9.0382,,,legos,13,,4,September
26.7,8.9902,,,legos,14,,4,September
2.4,7.951,,,pear,1,,6,September
5,7.9357,,,pear,2,,6,September
10.9,7.9174,,,pear,3,,6,September
19.5,7.8965,,,pear,4,,6,September
23.6,7.87,,,pear,5,,6,September
29.5,7.8476,,,pear,6,,6,September
34.5,7.8347,,,pear,7,,6,September
37.8,7.8159,,,pear,8,,6,September
50,7.7985,,,pear,9,,6,September
2.2,6.7975,,,pear,1,,7,September
4.5,6.7938,,,pear,2,,7,September
10.1,6.7865,,,pear,3,,7,September
16.8,6.771,,,pear,4,,7,September
29,6.7519,,,pear,5,,7,September
31.4,6.7396,,,pear,6,,7,September
37.6,6.7325,,,pear,7,,7,September
46.3,6.7305,,,pear,8,,7,September
1.9,2.1507,,,pear,1,,1,September
3.4,2.1461,,,pear,2,,1,September
7.1,2.1373,,,pear,3,,1,September
10.7,2.1274,,,pear,4,,1,September
20.3,2.1072,,,pear,5,,1,September
22.1,2.099,,,pear,6,,1,September
28.2,2.0838,,,pear,7,,1,September
30.7,2.0738,,,pear,8,,1,September
34.8,2.0616,,,pear,9,,1,September
39.3,2.0519,,,pear,10,,1,September
1.7,2.2741,,,pear,1,,2,September
6,2.2543,,,pear,2,,2,September
9.2,2.2432,,,pear,3,,2,September
19.1,2.2174,,,pear,4,,2,September
22.7,2.2029,,,pear,5,,2,September
27,2.1848,,,pear,6,,2,September
31,2.17,,,pear,7,,2,September
34.8,2.1551,,,pear,8,,2,September
39.1,2.1391,,,pear,9,,2,September
42.7,2.1234,,,pear,10,,2,September
1.7,2.4348,,,pear,1,,3,September
11.5,2.4168,,,pear,2,,3,September
23.5,2.3885,,,pear,3,,3,September
27.6,2.3756,,,pear,4,,3,September
34.2,2.355,,,pear,5,,3,September
35.2,2.3483,,,pear,6,,3,September
42.6,2.3283,,,pear,7,,3,September
49.5,2.3119,,,pear,8,,3,September
53.5,2.2945,,,pear,9,,3,September
87,2.2764,,,pear,10,,3,September
1.4,1.8985,,,pear,1,,4,September
10.3,1.8856,,,pear,2,,4,September
22.9,1.8636,,,pear,3,,4,September
26.3,1.8552,,,pear,4,,4,September
33.1,1.8406,,,pear,5,,4,September
33.5,1.8336,,,pear,6,,4,September
40.1,1.8178,,,pear,7,,4,September
44,1.8072,,,pear,8,,4,September
48.9,1.7948,,,pear,9,,4,September
70.1,1.7797,,,pear,10,,4,September
0.7,2.0327,,,pear,1,,5,September
4.2,2.0233,,,pear,2,,5,September
8.2,2.0105,,,pear,3,,5,September
10.6,2.0039,,,pear,4,,5,September
17.4,1.9886,,,pear,5,,5,September
21.5,1.975,,,pear,6,,5,September
27.1,1.9629,,,pear,7,,5,September
30.6,1.9507,,,pear,8,,5,September
34.8,1.9387,,,pear,9,,5,September
43.4,1.919,,,pear,10,,5,September
0.8,7.0805,,,pear,1,,8,September
2.4,7.079,,,pear,2,,8,September
7.6,7.0653,,,pear,3,,8,September
9.2,7.0605,,,pear,4,,8,September
14,7.0519,,,pear,5,,8,September
17,7.046,,,pear,6,,8,September
24.2,7.0325,,,pear,7,,8,September
28.8,7.0234,,,pear,8,,8,September
31,7.0169,,,pear,9,,8,September
37,7.0078,,,pear,10,,8,September
41.7,6.9954,,,pear,11,,8,September
,6.9862,,,pear,12,,8,September
2.4,7.0578,,,pear,1,,9,September
4.6,7.0524,,,pear,2,,9,September
10.9,7.0404,,,pear,3,,9,September
14,7.0364,,,pear,4,,9,September
20.6,7.0232,,,pear,5,,9,September
22.6,7.02,,,pear,6,,9,September
29,7.0043,,,pear,7,,9,September
32,6.9971,,,pear,8,,9,September
34.5,6.988,,,pear,9,,9,September
42.8,6.9747,,,pear,10,,9,September
46,6.9673,,,pear,11,,9,September
